keyword,Cluster,Priority,Score,semrush_volume,kd,cpc_usd,gkp_volume,gkp_comp_index,bid_high_cny
rigid flex pcb fabrication,PCB Manufacturing / Fabrication,A 核心优先,150.0,110,14.0,16.08,390.0,26.0,224.0
flexible pcb fabrication,PCB Manufacturing / Fabrication,A 核心优先,133.9,90,24.0,10.62,260.0,12.0,116.14
flexible pcb manufacturing,PCB Manufacturing / Fabrication,A 核心优先,132.0,110,27.0,14.6,,,
quick turn pcb assembly,PCB Assembly / PCBA,A 核心优先,132.0,320,17.0,24.84,170.0,40.0,335.36
custom pcb assembly,PCB Assembly / PCBA,A 核心优先,130.9,170,58.0,11.94,170.0,22.0,160.41
quick turn pcb fabrication,PCB Manufacturing / Fabrication,A 核心优先,128.0,210,16.0,22.34,140.0,41.0,389.91
turnkey pcb assembly,PCB Assembly / PCBA,A 核心优先,126.7,590,23.0,21.3,390.0,17.0,126.74
rigid flex pcb manufacturing,PCB Manufacturing / Fabrication,A 核心优先,126.0,50,11.0,16.08,,,
rigid-flex pcb fabrication,PCB Manufacturing / Fabrication,A 核心优先,126.0,30,20.0,17.73,,,
flex pcb fabrication,PCB Manufacturing / Fabrication,A 核心优先,125.8,210,23.0,9.38,,,
custom pcb design services,Custom PCB,A 核心优先,125.7,140,33.0,11.35,,,
pcb design services,Other,A 核心优先,123.6,880,35.0,9.5,1300.0,27.0,156.3
fast pcb manufacturing,PCB Manufacturing / Fabrication,A 核心优先,122.0,50,34.0,14.4,110.0,52.0,235.44
rapid pcb prototyping,PCB Prototype / Quick-turn,A 核心优先,122.0,140,14.0,10.68,320.0,24.0,156.0
multilayer pcb manufacturing,PCB Manufacturing / Fabrication,A 核心优先,121.5,110,15.0,7.23,,,
multilayer pcb fabrication,PCB Manufacturing / Fabrication,A 核心优先,121.5,110,14.0,7.23,,,
pcb assembly services,PCB Assembly / PCBA,A 核心优先,121.2,880,34.0,10.58,1900.0,15.0,110.88
printed circuit board assembly companies,PCB Assembly / PCBA,A 核心优先,120.9,170,34.0,8.94,480.0,21.0,312.61
pcb fabrication and assembly,PCB Assembly / PCBA,A 核心优先,119.5,1900,43.0,13.68,4400.0,20.0,154.67
prototype pcb assembly,PCB Assembly / PCBA,A 核心优先,119.2,320,38.0,11.35,590.0,28.0,134.91
flex pcb assembly,PCB Assembly / PCBA,A 核心优先,119.2,140,16.0,3.93,170.0,24.0,43.57
flex pcb manufacturer,PCB Manufacturing / Fabrication,A 核心优先,119.0,390,30.0,14.6,1000.0,36.0,182.47
flexible pcb prototype,PCB Prototype / Quick-turn,A 核心优先,118.9,90,25.0,6.06,320.0,13.0,57.3
hdi pcb fabrication,PCB Manufacturing / Fabrication,A 核心优先,117.3,170,20.0,5.15,,,
fast pcb prototyping,PCB Prototype / Quick-turn,A 核心优先,117.0,40,19.0,14.6,110.0,72.0,130.41
pcb assembly companies,PCB Assembly / PCBA,A 核心优先,116.0,170,55.0,17.45,480.0,21.0,312.61
flexible pcb prototyping,PCB Prototype / Quick-turn,A 核心优先,115.7,10,,10.35,,,
flexible pcb prototypes,PCB Prototype / Quick-turn,A 核心优先,115.7,90,,10.35,,,
pcb manufacturing multilayer,PCB Manufacturing / Fabrication,A 核心优先,115.5,30,16.0,7.23,,,
printed circuit board assembly,PCB Assembly / PCBA,A 核心优先,115.3,1900,24.0,10.63,12100.0,26.0,90.47
pcba manufacturing,PCB Assembly / PCBA,A 核心优先,115.2,590,17.0,7.34,1600.0,38.0,115.05
rigid flex pcb manufacturers,PCB Manufacturing / Fabrication,A 核心优先,115.0,110,17.0,16.08,390.0,26.0,224.0
custom pcb board assembly,PCB Assembly / PCBA,A 核心优先,114.9,10,,11.94,,,
custom pcb assembly services,PCB Assembly / PCBA,A 核心优先,114.9,30,,11.94,,,
hdi pcb manufacturing,PCB Manufacturing / Fabrication,A 核心优先,114.6,30,,9.78,,,
pcb assembly manufacturer,PCB Assembly / PCBA,A 核心优先,113.5,1000,52.0,13.68,4400.0,20.0,154.67
pcb manufacturing and assembly,PCB Assembly / PCBA,A 核心优先,113.5,1900,57.0,13.68,4400.0,20.0,154.67
multilayer pcb assembly,PCB Assembly / PCBA,A 核心优先,113.1,30,14.0,6.04,,,
flex pcb prototyping,PCB Prototype / Quick-turn,A 核心优先,113.1,70,16.0,6.06,,,
flex pcb prototype,PCB Prototype / Quick-turn,A 核心优先,113.1,40,24.0,6.06,,,
rigid-flex pcb manufacturing,PCB Manufacturing / Fabrication,A 核心优先,112.7,10,,8.86,,,
smt pcb assembly,PCB Assembly / PCBA,A 核心优先,112.1,390,15.0,8.39,590.0,14.0,62.97
pcb prototype service,PCB Prototype / Quick-turn,A 核心优先,110.4,260,68.0,10.57,390.0,46.0,163.0
electronic circuit board assembly,PCB Assembly / PCBA,A 核心优先,110.0,140,33.0,13.2,,,
quick turn pcb assembly services,PCB Assembly / PCBA,A 核心优先,110.0,140,20.0,32.33,,,
pcb assembly,PCB Assembly / PCBA,A 核心优先,109.3,2900,41.0,10.63,12100.0,26.0,90.47
custom pcba,PCB Assembly / PCBA,A 核心优先,109.2,480,46.0,4.1,,,
led pcb assembly,PCB Assembly / PCBA,A 核心优先,109.2,30,3.0,2.75,40.0,20.0,27.18
pcb assembly services usa,PCB Assembly / PCBA,A 核心优先,109.0,90,32.0,20.29,,,
pcb prototype,PCB Prototype / Quick-turn,A 核心优先,108.6,720,29.0,6.52,4400.0,98.0,65.48
pcb fabrication service china,PCB Manufacturing / Fabrication,A 核心优先,108.0,10,,14.14,,,
pcb fabrication service,PCB Manufacturing / Fabrication,A 核心优先,107.9,260,60.0,16.42,480.0,6.0,99.39
double sided pcb assembly,PCB Assembly / PCBA,A 核心优先,107.5,30,7.0,3.26,,,
low volume pcb assembly,PCB Assembly / PCBA,A 核心优先,107.3,170,4.0,8.04,170.0,20.0,61.93
pcb board assembly,PCB Assembly / PCBA,A 核心优先,107.2,720,39.0,7.56,12100.0,26.0,90.47
flex pcb manufacturing,PCB Manufacturing / Fabrication,A 核心优先,106.5,50,26.0,2.76,,,
aluminum pcb manufacturing,PCB Manufacturing / Fabrication,A 核心优先,106.0,20,,5.52,,,
pcb fabrication china,PCB Manufacturing / Fabrication,A 核心优先,105.3,140,35.0,5.16,,,
flexible pcb manufacturing process,PCB Manufacturing / Fabrication,A 核心优先,105.2,30,15.0,2.08,,,
pcb assembly house,PCB Assembly / PCBA,A 核心优先,105.1,50,43.0,8.32,90.0,31.0,154.54
ceramic pcb assembly service china,PCB Assembly / PCBA,A 核心优先,105.0,10,,0.0,,,
china flex pcb assembly,PCB Assembly / PCBA,A 核心优先,105.0,20,,0.0,,,
china led pcb assembly,PCB Assembly / PCBA,A 核心优先,105.0,10,,0.0,,,
china flexible pcb assembly,PCB Assembly / PCBA,A 核心优先,105.0,10,,0.0,,,
china flexible pcb fabrication,PCB Manufacturing / Fabrication,A 核心优先,105.0,20,,0.0,,,
rf pcb manufacturing,PCB Manufacturing / Fabrication,A 核心优先,104.8,10,,4.88,,,
smd pcb assembly,PCB Assembly / PCBA,A 核心优先,104.1,110,6.0,6.39,590.0,14.0,62.97
pcb smt assembly,PCB Assembly / PCBA,A 核心优先,104.1,140,25.0,6.39,590.0,14.0,62.97
medical pcb assembly services,PCB Assembly / PCBA,A 核心优先,104.0,30,0.0,16.89,,,
fast pcb assembly,PCB Assembly / PCBA,A 核心优先,104.0,40,12.0,16.2,,,
board pcb assembly,PCB Assembly / PCBA,A 核心优先,104.0,70,32.0,13.2,,,
circuit board assembly manufacturers,PCB Assembly / PCBA,A 核心优先,104.0,170,45.0,13.68,,,
quick turn pcb prototypes,PCB Prototype / Quick-turn,A 核心优先,104.0,70,18.0,16.19,,,
fast turnaround pcb assembly,PCB Assembly / PCBA,A 核心优先,104.0,90,29.0,14.07,,,
prototype pcb manufacturing,PCB Manufacturing / Fabrication,A 核心优先,104.0,260,40.0,12.79,,,
manufacturing pcb assembly,PCB Assembly / PCBA,A 核心优先,104.0,210,40.0,13.68,,,
quick pcb prototyping,PCB Prototype / Quick-turn,A 核心优先,104.0,30,18.0,14.6,,,
high frequency pcb manufacturing,PCB Manufacturing / Fabrication,A 核心优先,103.7,30,,4.33,,,
printed circuit board assembly manufacturer,PCB Assembly / PCBA,A 核心优先,103.7,210,63.0,7.64,4400.0,20.0,154.67
flexible pcb fabrication process,PCB Manufacturing / Fabrication,A 核心优先,103.3,20,,4.13,,,
multi layer pcb manufacturing process,PCB Manufacturing / Fabrication,A 核心优先,103.3,20,,4.14,,,
flex pcb manufacturing process,PCB Manufacturing / Fabrication,A 核心优先,103.3,20,,4.13,,,
circuit board assembly,PCB Assembly / PCBA,A 核心优先,103.2,1300,39.0,7.56,12100.0,26.0,90.47
pcb manufacturing service,PCB Manufacturing / Fabrication,A 核心优先,103.2,170,56.0,15.25,590.0,5.0,51.68
led pcb manufacturing,PCB Manufacturing / Fabrication,A 核心优先,103.1,10,,4.04,,,
turnkey pcb assembly usa,PCB Assembly / PCBA,A 核心优先,103.0,10,,21.3,,,
quick turn pcb assembly services usa,PCB Assembly / PCBA,A 核心优先,103.0,30,,24.84,,,
pcb manufacturing and assembly usa,PCB Assembly / PCBA,A 核心优先,103.0,30,,21.61,,,
turnkey pcb assembly services usa,PCB Assembly / PCBA,A 核心优先,103.0,10,,21.3,,,
quick turn pcb assembly in usa,PCB Assembly / PCBA,A 核心优先,103.0,20,,24.84,,,
pcb assembly usa,PCB Assembly / PCBA,A 核心优先,103.0,260,60.0,12.87,,,
pcb manufacturing companies,PCB Manufacturing / Fabrication,A 核心优先,102.9,320,62.0,10.62,1300.0,31.0,46.89
multi layer pcb manufacturing,PCB Manufacturing / Fabrication,A 核心优先,102.9,20,,3.95,,,
circuit board assembly china,PCB Assembly / PCBA,A 核心优先,102.7,90,12.0,6.85,,,
china printed circuit board assembly,PCB Assembly / PCBA,A 核心优先,102.7,90,23.0,6.85,,,
contract manufacturing pcb assembly,PCB Assembly / PCBA,A 核心优先,102.6,50,13.0,11.79,,,
pcb assembly contract manufacturer,PCB Assembly / PCBA,A 核心优先,102.6,70,15.0,11.79,,,
hdi pcb assembly,PCB Assembly / PCBA,A 核心优先,102.4,20,,3.7,,,
china pcb assembly service,PCB Assembly / PCBA,A 核心优先,102.2,20,,9.6,,,
custom pcb fabrication,PCB Manufacturing / Fabrication,A 核心优先,101.8,140,68.0,5.42,,,
surface mount pcb assembly,PCB Assembly / PCBA,A 核心优先,101.8,170,21.0,8.39,,,
multilayer pcb assembly manufacturer,PCB Assembly / PCBA,A 核心优先,101.8,10,,3.41,,,
pcb assembly cost,PCB Assembly / PCBA,A 核心优先,101.7,110,16.0,6.28,210.0,33.0,41.79
circuit board manufacturing companies,PCB Manufacturing / Fabrication,A 核心优先,101.7,210,42.0,9.01,1300.0,31.0,46.89
proto pcb fabrication,PCB Manufacturing / Fabrication,A 核心优先,101.7,30,30.0,11.34,,,
flexible pcb assembly,PCB Assembly / PCBA,A 核心优先,101.4,40,,3.2,,,
rigid flex pcb fabrication capabilities,PCB Manufacturing / Fabrication,A 核心优先,101.0,70,24.0,0.0,,,
rigid flex pcb manufacturing process,PCB Manufacturing / Fabrication,A 核心优先,101.0,40,6.0,0.0,,,
microwave pcb fabrication,PCB Manufacturing / Fabrication,A 核心优先,101.0,70,12.0,0.0,,,
custom pcb manufacturing china,PCB Manufacturing / Fabrication,A 核心优先,101.0,10,,0.0,,,
hdi pcb assembly service,PCB Assembly / PCBA,A 核心优先,101.0,40,17.0,0.0,,,
aluminum pcb assembly,PCB Assembly / PCBA,A 核心优先,100.7,10,,2.85,,,
printed circuit board assembly china,PCB Assembly / PCBA,A 核心优先,100.3,30,24.0,5.66,,,
circuit board pcb assembly,PCB Assembly / PCBA,A 核心优先,100.3,170,39.0,10.63,,,
pcba assembly,PCB Assembly / PCBA,A 核心优先,100.1,110,28.0,7.56,,,
pcb prototyping services,PCB Prototype / Quick-turn,A 核心优先,100.1,70,31.0,10.57,,,
metal core pcb fabrication,PCB Manufacturing / Fabrication,A 核心优先,100.1,20,,2.53,,,
pcb assembly quotes,PCB Assembly / PCBA,A 核心优先,100.0,30,5.0,10.5,,,
full turnkey pcb assembly,PCB Assembly / PCBA,A 核心优先,100.0,210,12.0,7.49,,,
china pcb manufacturing,PCB Manufacturing / Fabrication,A 核心优先,99.3,30,30.0,5.16,,,
through hole pcb assembly,PCB Assembly / PCBA,A 核心优先,99.0,140,16.0,4.94,140.0,6.0,41.31
pcb assembly manufacturer china,PCB Assembly / PCBA,A 核心优先,99.0,20,,8.01,,,
pcb manufacturing and assembly china,PCB Assembly / PCBA,A 核心优先,99.0,20,,8.01,,,
pcb manufacturing usa,PCB Manufacturing / Fabrication,A 核心优先,98.7,720,62.0,8.34,,,
pcb fabrication usa,PCB Manufacturing / Fabrication,A 核心优先,98.7,390,62.0,8.34,,,
circuit board manufacturing,PCB Manufacturing / Fabrication,A 核心优先,98.6,1000,42.0,6.11,18100.0,17.0,73.41
pcb assembly express,PCB Assembly / PCBA,A 核心优先,98.4,70,14.0,9.68,,,
pcb fabrication quote,PCB Manufacturing / Fabrication,A 核心优先,98.1,30,27.0,9.55,,,
pcb fabrication and assembly services,PCB Assembly / PCBA,A 核心优先,98.0,20,,12.86,,,
turnkey pcb assembly quote,PCB Assembly / PCBA,A 核心优先,98.0,10,,21.3,,,
pcb assembly company,PCB Assembly / PCBA,A 核心优先,98.0,260,64.0,17.45,,,
pcb assembly turnkey,PCB Assembly / PCBA,A 核心优先,98.0,10,,21.3,,,
turnkey pcb assembly factory,PCB Assembly / PCBA,A 核心优先,98.0,10,,21.3,,,
quick-turn pcb prototyping,PCB Prototype / Quick-turn,A 核心优先,98.0,10,,34.04,,,
quick-turn pcb fabrication,PCB Manufacturing / Fabrication,A 核心优先,98.0,10,,16.61,,,
pcb manufacturing cost,PCB Manufacturing / Fabrication,A 核心优先,98.0,50,28.0,8.15,110.0,47.0,27.18
assembly pcb manufacturing,PCB Assembly / PCBA,A 核心优先,98.0,10,,12.86,,,
us pcb assembly services,PCB Assembly / PCBA,A 核心优先,98.0,10,,14.22,,,
pcb prototype manufacturer,PCB Manufacturing / Fabrication,A 核心优先,98.0,170,68.0,12.79,,,
quickturn pcb assembly,PCB Assembly / PCBA,A 核心优先,98.0,10,,24.84,,,
turn key pcb assembly,PCB Assembly / PCBA,A 核心优先,98.0,30,,21.3,,,
pcb board assembly manufacturers,PCB Assembly / PCBA,A 核心优先,98.0,10,,12.86,,,
pcb prototype manufacturing,PCB Manufacturing / Fabrication,A 核心优先,98.0,30,39.0,12.79,,,
pcb assembly houses,PCB Assembly / PCBA,A 核心优先,98.0,20,,14.69,,,
pcb assembly board,PCB Assembly / PCBA,A 核心优先,98.0,90,36.0,13.2,,,
quick pcb assembly,PCB Assembly / PCBA,A 核心优先,98.0,20,,16.2,,,
turnkey pcb assembly services us,PCB Assembly / PCBA,A 核心优先,98.0,10,,21.3,,,
high volume quick turn pcb assembly,PCB Assembly / PCBA,A 核心优先,98.0,10,,24.84,,,
mid volume quick turn pcb assembly,PCB Assembly / PCBA,A 核心优先,98.0,10,,24.84,,,
quick-turn pcb prototype,PCB Prototype / Quick-turn,A 核心优先,98.0,10,,34.04,,,
pcb fabrication+assembly,PCB Assembly / PCBA,A 核心优先,98.0,10,,12.86,,,
american pcb assembly,PCB Assembly / PCBA,A 核心优先,98.0,30,50.0,12.87,,,
united states pcb assembly,PCB Assembly / PCBA,A 核心优先,98.0,10,,14.22,,,
quick turnaround pcb assembly,PCB Assembly / PCBA,A 核心优先,98.0,10,,24.84,,,
pcb assembly quotation,PCB Assembly / PCBA,A 核心优先,98.0,20,,14.76,,,
quick turn pcb manufacturing,PCB Manufacturing / Fabrication,A 核心优先,98.0,10,,15.2,,,
us based pcb assembly,PCB Assembly / PCBA,A 核心优先,98.0,20,,12.52,,,
gerber files for pcb fabrication,PCB Manufacturing / Fabrication,A 核心优先,98.0,20,,21.69,,,
pcb manufacturing,PCB Manufacturing / Fabrication,A 核心优先,98.0,2900,64.0,8.85,18100.0,17.0,73.41
pcb prototype quick turn,PCB Prototype / Quick-turn,A 核心优先,98.0,10,,34.04,,,
quick-turn pcb assembly,PCB Assembly / PCBA,A 核心优先,98.0,10,,24.84,,,
pcb fabrication services,PCB Manufacturing / Fabrication,A 核心优先,98.0,110,57.0,16.42,,,
quick turn pcb prototype,PCB Prototype / Quick-turn,A 核心优先,98.0,30,,34.04,,,
us turnkey pcb assembly services,PCB Assembly / PCBA,A 核心优先,98.0,10,,21.3,,,
quick turn pcb prototyping,PCB Prototype / Quick-turn,A 核心优先,98.0,10,,34.04,,,
pcb fabrication prototype,PCB Manufacturing / Fabrication,A 核心优先,97.9,10,,12.43,,,
pcb prototyping supplier,PCB Manufacturing / Fabrication,A 核心优先,97.9,20,,12.43,,,
pcb prototype manufacture,PCB Prototype / Quick-turn,A 核心优先,97.9,10,,12.43,,,
pcb fabrication europe,PCB Manufacturing / Fabrication,A 核心优先,97.8,170,13.0,6.38,,,
prototype pcb fabrication,PCB Manufacturing / Fabrication,A 核心优先,97.7,70,89.0,11.34,880.0,28.0,182.34
us pcb fabrication,PCB Manufacturing / Fabrication,A 核心优先,97.4,110,49.0,9.18,,,
low cost pcb assembly,PCB Assembly / PCBA,A 核心优先,97.3,50,28.0,3.32,170.0,29.0,117.1
pcb printed circuit board assembly,PCB Assembly / PCBA,A 核心优先,97.2,70,37.0,7.56,12100.0,26.0,90.47
cheap pcb prototype,PCB Prototype / Quick-turn,A 核心优先,97.2,30,18.0,5.7,70.0,51.0,68.48
flex pcb production,PCB Manufacturing / Fabrication,A 核心优先,97.0,260,26.0,14.6,,,
rigid flex pcb supplier,PCB Manufacturing / Fabrication,A 核心优先,97.0,170,20.0,16.08,,,
quick turn flex pcb,PCB Prototype / Quick-turn,A 核心优先,97.0,110,31.0,17.24,,,
turnkey pcb assembly services,PCB Assembly / PCBA,A 核心优先,97.0,30,17.0,9.0,,,
quick turn pcb,PCB Prototype / Quick-turn,A 核心优先,97.0,390,14.0,16.85,720.0,43.0,261.49
turnkey pcb assembly service,PCB Assembly / PCBA,A 核心优先,97.0,30,15.0,9.0,,,
flexible pcb manufacturers,PCB Manufacturing / Fabrication,A 核心优先,97.0,210,30.0,14.6,,,
rigid flex pcb manufacturer,PCB Manufacturing / Fabrication,A 核心优先,97.0,210,22.0,16.08,,,
pcb assembly in usa,PCB Assembly / PCBA,A 核心优先,97.0,70,62.0,12.87,,,
circuit board assembly companies,PCB Assembly / PCBA,A 核心优先,96.9,140,46.0,8.94,,,
online pcb assembly quote,PCB Assembly / PCBA,A 核心优先,96.8,10,,11.91,,,
pcb assembly quote online,PCB Assembly / PCBA,A 核心优先,96.8,10,,11.91,,,
pcb board assembly usa,PCB Assembly / PCBA,A 核心优先,96.7,10,,9.35,,,
pcb assembly china,PCB Assembly / PCBA,A 核心优先,96.7,50,48.0,6.85,,,
industrial pcb manufacturing,PCB Manufacturing / Fabrication,A 核心优先,96.7,1300,41.0,8.85,,,
chinese pcb assembly,PCB Assembly / PCBA,A 核心优先,96.7,90,44.0,6.85,,,
pcb assembly in china,PCB Assembly / PCBA,A 核心优先,96.7,40,37.0,6.85,,,
pcba company,PCB Assembly / PCBA,A 核心优先,96.5,140,47.0,8.75,,,
pcb assembly service,PCB Assembly / PCBA,A 核心优先,96.3,260,37.0,8.65,,,
pcba factory,PCB Assembly / PCBA,A 核心优先,96.3,110,35.0,5.63,,,
pcb prototyping,PCB Prototype / Quick-turn,A 核心优先,96.0,590,36.0,6.52,,,
custom rigid flex pcb,Flex / Rigid-Flex PCB,A 核心优先,95.9,40,17.0,5.97,,,
cheap pcb manufacturing,PCB Manufacturing / Fabrication,A 核心优先,95.9,110,28.0,5.43,,,
pcb fabrication drawing,PCB Manufacturing / Fabrication,A 核心优先,95.9,70,12.0,8.44,,,
pcb assembly price,PCB Assembly / PCBA,A 核心优先,95.7,40,10.0,6.28,210.0,33.0,41.79
prototype pcb assembly supplier,PCB Assembly / PCBA,A 核心优先,95.7,10,,11.35,,,
proto pcb assembly,PCB Assembly / PCBA,A 核心优先,95.7,20,,11.35,,,
fabrication pcb prototype,PCB Manufacturing / Fabrication,A 核心优先,95.7,30,45.0,11.34,,,
low cost pcb manufacturing,PCB Manufacturing / Fabrication,A 核心优先,95.5,110,21.0,5.26,,,
pcb printed circuit board manufacturing,PCB Manufacturing / Fabrication,A 核心优先,95.2,480,45.0,6.11,,,
heavy copper pcb manufacturing process,PCB Manufacturing / Fabrication,A 核心优先,95.0,10,,0.0,,,
single sided pcb manufacturing,PCB Manufacturing / Fabrication,A 核心优先,95.0,20,,0.0,,,
flex pcb smt assembly,PCB Assembly / PCBA,A 核心优先,95.0,20,,0.0,,,
metal core pcb manufacturing,PCB Manufacturing / Fabrication,A 核心优先,95.0,10,,0.0,,,
6 oz copper pcb manufacturing,PCB Manufacturing / Fabrication,A 核心优先,95.0,0,,0.0,,,
fast flexible pcb prototyping,PCB Prototype / Quick-turn,A 核心优先,95.0,10,,0.0,,,
6 layer rigid flex pcb assembly,PCB Assembly / PCBA,A 核心优先,95.0,0,,0.0,,,
aluminum pcb manufacturing process,PCB Manufacturing / Fabrication,A 核心优先,95.0,10,,0.0,,,
rigid flex rigid pcb manufacturing,PCB Manufacturing / Fabrication,A 核心优先,95.0,10,,0.0,,,
60 layer multilayer pcb prototype,PCB Prototype / Quick-turn,A 核心优先,95.0,0,,0.0,,,
energy - efficient led pcb assembly,PCB Assembly / PCBA,A 核心优先,95.0,10,,0.0,,,
rigid fr4 pcb prototype service,PCB Prototype / Quick-turn,A 核心优先,95.0,10,,0.0,,,
aluminum pcb prototype,PCB Prototype / Quick-turn,A 核心优先,95.0,0,,0.0,,,
double sided pcb assembly process,PCB Assembly / PCBA,A 核心优先,95.0,20,,0.0,,,
double sided pcb manufacturing process,PCB Manufacturing / Fabrication,A 核心优先,95.0,20,,0.0,,,
leading companies in rigid-flex pcb manufacturing,PCB Manufacturing / Fabrication,A 核心优先,95.0,10,,0.0,,,
multilayer pcb manufacturing process flow,PCB Manufacturing / Fabrication,A 核心优先,95.0,10,,0.0,,,
flex pcb assembly manufacturer,PCB Assembly / PCBA,A 核心优先,95.0,10,,0.0,,,
flexible pcb assembly process,PCB Assembly / PCBA,A 核心优先,95.0,10,,0.0,,,
led pcb assembly testing,PCB Assembly / PCBA,A 核心优先,95.0,10,,0.0,,,
multilayer pcb fabrication services,PCB Manufacturing / Fabrication,A 核心优先,95.0,10,,0.0,,,
multilayer pcb fabrication us,PCB Manufacturing / Fabrication,A 核心优先,95.0,10,,0.0,,,
heavy copper pcb prototype,PCB Prototype / Quick-turn,A 核心优先,95.0,20,,0.0,,,
multilayer pcb prototyping,PCB Prototype / Quick-turn,A 核心优先,95.0,20,,0.0,,,
alteraflex pcb manufacturing columbus georgia,PCB Manufacturing / Fabrication,A 核心优先,95.0,0,,0.0,,,
ceramic pcb manufacturing process,PCB Manufacturing / Fabrication,A 核心优先,95.0,20,,0.0,,,
5 layer rigid flex pcb assembly,PCB Assembly / PCBA,A 核心优先,95.0,0,,0.0,,,
ceramic pcb prototype,PCB Prototype / Quick-turn,A 核心优先,95.0,10,,0.0,,,
high frequency pcb assembly,PCB Assembly / PCBA,A 核心优先,95.0,20,,0.0,,,
5 - layer rigid flex pcb assembly,PCB Assembly / PCBA,A 核心优先,95.0,10,,0.0,,,
aluminum pcb assembly pricelist,PCB Assembly / PCBA,A 核心优先,95.0,0,,0.0,,,
aluminum pcb assembly suppliers,PCB Assembly / PCBA,A 核心优先,95.0,0,,0.0,,,
metal core pcb manufacturing process,PCB Manufacturing / Fabrication,A 核心优先,95.0,10,,0.0,,,
advanced rigidflex pcb fabrication,PCB Manufacturing / Fabrication,A 核心优先,95.0,0,,0.0,,,
metal core pcb prototype,PCB Prototype / Quick-turn,A 核心优先,95.0,10,,0.0,,,
aluminum pcb assembly factories,PCB Assembly / PCBA,A 核心优先,95.0,0,,0.0,,,
b2b flexible pcb manufacturing services,PCB Manufacturing / Fabrication,A 核心优先,95.0,10,,0.0,,,
automotive amb ceramic pcb fabrication,PCB Manufacturing / Fabrication,A 核心优先,95.0,10,,0.0,,,
single sided pcb assembly manufacturer,PCB Assembly / PCBA,A 核心优先,95.0,10,,0.0,,,
2 layer flex pcb assembly,PCB Assembly / PCBA,A 核心优先,95.0,20,,0.0,,,
hdi pcb prototype,PCB Prototype / Quick-turn,A 核心优先,95.0,20,,0.0,,,
flexible pcb prototype service,PCB Prototype / Quick-turn,A 核心优先,95.0,10,,0.0,,,
led pcb assembly process,PCB Assembly / PCBA,A 核心优先,95.0,10,,0.0,,,
flexible pcb assembly for power cable,PCB Assembly / PCBA,A 核心优先,95.0,10,,0.0,,,
hdi pcb prototype service,PCB Prototype / Quick-turn,A 核心优先,95.0,10,,0.0,,,
quick turn aluminum pcb fabrication,PCB Manufacturing / Fabrication,A 核心优先,95.0,30,,0.0,,,
6 layer flexible pcb assembly,PCB Assembly / PCBA,A 核心优先,95.0,30,,0.0,,,
multilayer pcb manufacturing process detailed guide,PCB Manufacturing / Fabrication,A 核心优先,95.0,10,,0.0,,,
rigid flex pcb assembly service,PCB Assembly / PCBA,A 核心优先,95.0,10,,0.0,,,
advanced rigid-flex pcb fabrication,PCB Manufacturing / Fabrication,A 核心优先,95.0,10,,0.0,,,
4 layer rigid-flex pcb assembly,PCB Assembly / PCBA,A 核心优先,95.0,20,,0.0,,,
single sided pcb manufacturing process,PCB Manufacturing / Fabrication,A 核心优先,95.0,20,,0.0,,,
heavy copper pcb fabrication,PCB Manufacturing / Fabrication,A 核心优先,95.0,10,,0.0,,,
multi layer pcb assembly,PCB Assembly / PCBA,A 核心优先,95.0,10,,0.0,,,
quick turn high frequency pcb manufacturing services,PCB Manufacturing / Fabrication,A 核心优先,95.0,10,,0.0,,,
hdi pcb fabrication us,PCB Manufacturing / Fabrication,A 核心优先,95.0,10,,0.0,,,
quick turn hdi pcb fabrication,PCB Manufacturing / Fabrication,A 核心优先,95.0,30,,0.0,,,
rogers pcb fabrication,PCB Manufacturing / Fabrication,A 核心优先,95.0,20,,0.0,,,
medical rigid flex pcb assembly,PCB Assembly / PCBA,A 核心优先,95.0,10,,0.0,,,
flexible pcb fabrication manufacturer,PCB Manufacturing / Fabrication,A 核心优先,95.0,10,,0.0,,,
led pcb prototype service,PCB Prototype / Quick-turn,A 核心优先,95.0,10,,0.0,,,
aluminum pcb assembly supplier,PCB Assembly / PCBA,A 核心优先,95.0,0,,0.0,,,
pcb assembly multilayer,PCB Assembly / PCBA,A 核心优先,95.0,10,,0.0,,,
aluminum pcb assembly quotes,PCB Assembly / PCBA,A 核心优先,95.0,0,,0.0,,,
high frequency pcb assembly service,PCB Assembly / PCBA,A 核心优先,95.0,10,,0.0,,,
flex pcb assembly process,PCB Assembly / PCBA,A 核心优先,95.0,10,,0.0,,,
double sided mixed pcb assembly services,PCB Assembly / PCBA,A 核心优先,95.0,30,,0.0,,,
led pcb assembly machine,PCB Assembly / PCBA,A 核心优先,95.0,10,,0.0,,,
rf microwave pcb assembly,PCB Assembly / PCBA,A 核心优先,95.0,10,,0.0,,,
precision rigid-flex pcb fabrication,PCB Manufacturing / Fabrication,A 核心优先,95.0,10,,0.0,,,
hdi pcb assembly testing,PCB Assembly / PCBA,A 核心优先,95.0,10,,0.0,,,
4 layer multilayer pcb prototyping,PCB Prototype / Quick-turn,A 核心优先,95.0,0,,0.0,,,
aluminum pcb fabrication,PCB Manufacturing / Fabrication,A 核心优先,95.0,10,,0.0,,,
heavy copper pcb assembly,PCB Assembly / PCBA,A 核心优先,95.0,20,,0.0,,,
5050 led pcb assembly,PCB Assembly / PCBA,A 核心优先,95.0,0,,0.0,,,
heavy copper pcb assembly testing,PCB Assembly / PCBA,A 核心优先,95.0,10,,0.0,,,
hdi pcb manufacturing services,PCB Manufacturing / Fabrication,A 核心优先,95.0,30,,0.0,,,
quick turn dpc ceramic pcb fabrication,PCB Manufacturing / Fabrication,A 核心优先,95.0,10,,0.0,,,
aluminum pcb assembly promotions,PCB Assembly / PCBA,A 核心优先,95.0,0,,0.0,,,
flexible pcb assembly manufacturer,PCB Assembly / PCBA,A 核心优先,95.0,10,,0.0,,,
94v0 fr4 pcb assembly service,PCB Assembly / PCBA,A 核心优先,95.0,0,,0.0,,,
hdi pcb fabrication and manufacturer,PCB Manufacturing / Fabrication,A 核心优先,95.0,30,,0.0,,,
flex pcb fabrication services us,PCB Manufacturing / Fabrication,A 核心优先,95.0,10,,0.0,,,
hdi pcb manufacturing process,PCB Manufacturing / Fabrication,A 核心优先,95.0,20,,0.0,,,
aluminium led pcb assembly,PCB Assembly / PCBA,A 核心优先,95.0,0,,0.0,,,
6 layer rigid-flex pcb assembly,PCB Assembly / PCBA,A 核心优先,95.0,20,,0.0,,,
led pcb prototype,PCB Prototype / Quick-turn,A 核心优先,95.0,10,,0.0,,,
multilayer pcb manufacturing process steps,PCB Manufacturing / Fabrication,A 核心优先,95.0,10,,0.0,,,
cost-effective rf microwave pcb prototyping firms,PCB Prototype / Quick-turn,A 核心优先,95.0,10,,0.0,,,
rigid-flex pcb prototype,PCB Prototype / Quick-turn,A 核心优先,95.0,10,,0.0,,,
rf microwave pcb fabrication,PCB Manufacturing / Fabrication,A 核心优先,95.0,10,,0.0,,,
led pcb manufacturing process,PCB Manufacturing / Fabrication,A 核心优先,95.0,10,,0.0,,,
high frequency pcb prototype,PCB Prototype / Quick-turn,A 核心优先,95.0,10,,0.0,,,
advanced rigid flex pcb fabrication,PCB Manufacturing / Fabrication,A 核心优先,95.0,10,,0.0,,,
precision rigid flex pcb manufacturing,PCB Manufacturing / Fabrication,A 核心优先,95.0,10,,0.0,,,
thick copper pcb fabrication,PCB Manufacturing / Fabrication,A 核心优先,95.0,10,,0.0,,,
flex pcb prototype services,PCB Prototype / Quick-turn,A 核心优先,95.0,30,,0.0,,,
rigid flex pcb assembly process,PCB Assembly / PCBA,A 核心优先,95.0,10,,0.0,,,
ceramic pcb assembly service,PCB Assembly / PCBA,A 核心优先,95.0,10,,0.0,,,
multilayer pcb manufacturing machines,PCB Manufacturing / Fabrication,A 核心优先,95.0,10,,0.0,,,
rigid flex pcb prototype,PCB Prototype / Quick-turn,A 核心优先,95.0,20,,0.0,,,
flexible pcb prototypes for enterprises,PCB Prototype / Quick-turn,A 核心优先,95.0,10,,0.0,,,
automotive led pcb assembly,PCB Assembly / PCBA,A 核心优先,95.0,10,,0.0,,,
multilayer pcb fabrication process,PCB Manufacturing / Fabrication,A 核心优先,95.0,20,,0.0,,,
multilayer pcb prototyping machine,PCB Prototype / Quick-turn,A 核心优先,95.0,20,,0.0,,,
aluminum pcb assembly wholesale,PCB Assembly / PCBA,A 核心优先,95.0,0,,0.0,,,
iso 9001 flexible pcb assembly services,PCB Assembly / PCBA,A 核心优先,95.0,10,,0.0,,,
multilayer pcb fabrication manufacturer,PCB Manufacturing / Fabrication,A 核心优先,95.0,10,,0.0,,,
led pcb assembly for signage,PCB Assembly / PCBA,A 核心优先,95.0,10,,0.0,,,
heavy copper pcb manufacturing,PCB Manufacturing / Fabrication,A 核心优先,95.0,10,,0.0,,,
aluminum pcb prototyping,PCB Prototype / Quick-turn,A 核心优先,95.0,20,,0.0,,,
multilayer pcb manufacturing process,PCB Manufacturing / Fabrication,A 核心优先,95.0,30,,0.0,,,
rigid flex pcb assembly,PCB Assembly / PCBA,A 核心优先,95.0,30,,0.0,,,
rigid-flex pcb assembly,PCB Assembly / PCBA,A 核心优先,95.0,30,,0.0,,,
iso 9001 rigid-flex pcb assembly,PCB Assembly / PCBA,A 核心优先,95.0,10,,0.0,,,
4 layer flex pcb fabrication,PCB Manufacturing / Fabrication,A 核心优先,95.0,20,,0.0,,,
2 layer aluminum pcb prototype,PCB Prototype / Quick-turn,A 核心优先,95.0,10,,0.0,,,
fr4 pcb assembly company,PCB Assembly / PCBA,A 核心优先,95.0,10,,0.0,,,
led pcb fabrication,PCB Manufacturing / Fabrication,A 核心优先,95.0,10,,0.0,,,
high - brightness led pcb assembly,PCB Assembly / PCBA,A 核心优先,95.0,10,,0.0,,,
multilayer rigid pcb assembly,PCB Assembly / PCBA,A 核心优先,95.0,20,,0.0,,,
double sided pcb fabrication,PCB Manufacturing / Fabrication,A 核心优先,95.0,20,,0.0,,,
4 layer rigid flex pcb assembly,PCB Assembly / PCBA,A 核心优先,95.0,0,,0.0,,,
multilayer pcb manufacturing equipment,PCB Manufacturing / Fabrication,A 核心优先,95.0,30,,0.0,,,
multilayer pcb prototype,PCB Prototype / Quick-turn,A 核心优先,95.0,10,,0.0,,,
pcb fabrication,PCB Manufacturing / Fabrication,A 核心优先,94.9,1000,72.0,9.79,3600.0,37.0,123.29
turnkey pcb manufacturing,PCB Assembly / PCBA,A 核心优先,94.9,70,14.0,7.93,,,
flexible pcb manufacturer,PCB Manufacturing / Fabrication,A 核心优先,94.8,320,28.0,9.38,,,
flex pcb suppliers,PCB Manufacturing / Fabrication,A 核心优先,94.8,320,28.0,9.38,,,
usa pcb manufacturing,PCB Manufacturing / Fabrication,A 核心优先,94.8,10,,8.38,,,
pcb manufacturing steps,PCB Manufacturing / Fabrication,A 核心优先,94.8,320,29.0,2.9,,,
consigned pcb assembly,PCB Assembly / PCBA,A 核心优先,94.8,20,,10.91,,,
pcb manufacturing china,PCB Manufacturing / Fabrication,A 核心优先,94.8,70,44.0,5.88,,,
flex pcb fab,PCB Manufacturing / Fabrication,A 核心优先,94.8,320,30.0,9.38,,,
pcb fabrication manufacturers china,PCB Manufacturing / Fabrication,A 核心优先,94.8,90,48.0,5.88,,,
consignment pcb assembly,PCB Assembly / PCBA,A 核心优先,94.8,10,,10.91,,,
pcb manufacturing in usa,PCB Manufacturing / Fabrication,A 核心优先,94.7,170,60.0,8.34,,,
pcb prototype board,PCB Prototype / Quick-turn,A 核心优先,94.6,140,29.0,2.9,880.0,100.0,38.17
us based pcb fabrication,PCB Manufacturing / Fabrication,A 核心优先,94.5,20,,10.77,,,
pcb assembly manufacturing,PCB Assembly / PCBA,A 核心优先,94.3,140,43.0,7.64,,,
printed circuit board assembly manufacturers,PCB Assembly / PCBA,A 核心优先,94.3,70,29.0,7.64,,,
pcb fabrication assembly,PCB Assembly / PCBA,A 核心优先,94.3,260,42.0,7.64,,,
pcb assembly shop,PCB Assembly / PCBA,A 核心优先,94.3,20,,10.66,,,
pcb assembly suppliers,PCB Assembly / PCBA,A 核心优先,94.3,170,50.0,7.64,,,
china circuit board assembly,PCB Assembly / PCBA,A 核心优先,94.3,30,50.0,5.66,,,
china pcb assembly,PCB Assembly / PCBA,A 核心优先,94.3,110,56.0,5.66,,,
custom led pcb,LED / Application PCB,A 核心优先,94.3,70,1.0,3.39,90.0,67.0,35.03
pcb manufacturing company,PCB Manufacturing / Fabrication,A 核心优先,94.2,140,67.0,10.62,,,
pcba production,PCB Assembly / PCBA,A 核心优先,93.8,50,7.0,7.41,,,
quick pcb manufacturing,PCB Manufacturing / Fabrication,A 核心优先,93.8,10,,10.4,,,
pcb fabrications,PCB Manufacturing / Fabrication,A 核心优先,93.7,10,,10.34,,,
fast turn pcb fabrication,PCB Manufacturing / Fabrication,A 核心优先,93.7,30,,10.34,10.0,43.0,
pcb assembly prototype,PCB Assembly / PCBA,A 核心优先,93.5,70,34.0,7.23,,,
pcb assembly prototyping,PCB Assembly / PCBA,A 核心优先,93.5,50,16.0,7.23,,,
circuit board assembly suppliers,PCB Assembly / PCBA,A 核心优先,93.4,30,50.0,10.19,,,
pcba services,PCB Assembly / PCBA,A 核心优先,93.4,70,15.0,7.22,,,
electronics pcb manufacturing,PCB Manufacturing / Fabrication,A 核心优先,93.3,30,,10.13,,,
pcb prototype china,PCB Prototype / Quick-turn,A 核心优先,93.3,20,,5.13,,,
china pcb prototype,PCB Prototype / Quick-turn,A 核心优先,93.3,20,,5.13,,,
pcb prototyping usa,PCB Prototype / Quick-turn,A 核心优先,93.3,30,,7.65,,,
pcb manufacturing software,PCB Manufacturing / Fabrication,A 核心优先,93.3,880,44.0,5.17,,,
flexible pcb supplier,PCB Manufacturing / Fabrication,A 核心优先,93.2,140,34.0,10.62,,,
pcb prototype-service,PCB Prototype / Quick-turn,A 核心优先,93.2,10,,10.09,,,
custom flexible pcb,Flex / Rigid-Flex PCB,A 核心优先,93.2,30,20.0,4.61,,,
low volume pcb manufacturing,PCB Manufacturing / Fabrication,A 核心优先,93.0,20,,10.01,,,
pcb prototype and assembly,PCB Assembly / PCBA,A 核心优先,92.9,140,62.0,9.96,,,
pcb prototype assembly,PCB Assembly / PCBA,A 核心优先,92.9,90,49.0,9.96,,,
rapid pcb prototype,PCB Prototype / Quick-turn,A 核心优先,92.5,10,,9.74,,,
rf pcb manufacturer,PCB Manufacturing / Fabrication,A 核心优先,92.4,170,13.0,10.22,,,
pcb fabrication companies,PCB Manufacturing / Fabrication,A 核心优先,92.4,90,33.0,6.7,,,
pcb assembly and manufacturing,PCB Assembly / PCBA,A 核心优先,92.3,320,52.0,7.64,,,
pcb manufacturing san jose,PCB Manufacturing / Fabrication,A 核心优先,92.3,20,,9.66,,,
pcb assembly service factory,PCB Assembly / PCBA,A 核心优先,92.2,10,,9.6,,,
pcb assembly secure,PCB Assembly / PCBA,A 核心优先,92.2,10,,9.6,,,
pcb manufacturing quote,PCB Manufacturing / Fabrication,A 核心优先,92.1,30,40.0,9.55,,,
pcb assembly quote,PCB Assembly / PCBA,A 核心优先,92.1,170,17.0,0.0,90.0,32.0,71.1
pcb prototype boards,PCB Prototype / Quick-turn,A 核心优先,92.0,40,24.0,6.52,,,
fast pcb fabrication,PCB Manufacturing / Fabrication,A 核心优先,92.0,50,29.0,6.52,,,
quick pcb fabrication,PCB Manufacturing / Fabrication,A 核心优先,92.0,50,29.0,6.52,,,
pcb fabrication company,PCB Manufacturing / Fabrication,A 核心优先,92.0,50,69.0,12.82,,,
pcb prototyping boards,PCB Prototype / Quick-turn,A 核心优先,92.0,30,29.0,6.52,,,
pcb assembly us,PCB Assembly / PCBA,A 核心优先,92.0,40,52.0,13.07,,,
us pcb assembly,PCB Assembly / PCBA,A 核心优先,92.0,50,51.0,13.07,,,
pcb prototypes,PCB Prototype / Quick-turn,A 核心优先,92.0,140,36.0,6.52,,,
board pcb prototype,PCB Prototype / Quick-turn,A 核心优先,92.0,30,26.0,6.52,,,
pcb surface mount assembly,PCB Assembly / PCBA,A 核心优先,91.8,30,22.0,6.39,,,
pcb assembly smt,PCB Assembly / PCBA,A 核心优先,91.8,70,11.0,6.39,,,
us pcb prototyping,PCB Prototype / Quick-turn,A 核心优先,91.8,90,35.0,6.41,,,
custom pcb manufacturing,PCB Manufacturing / Fabrication,A 核心优先,91.8,110,72.0,5.42,,,
pcb manufacturing machine price,PCB Manufacturing / Fabrication,A 核心优先,91.7,140,14.0,2.06,1900.0,49.0,25.47
pcb board assembly factory,PCB Assembly / PCBA,A 核心优先,91.7,10,,9.35,,,
printed circuit board pcb assembly,PCB Assembly / PCBA,A 核心优先,91.7,10,,9.35,,,
pcb manufacturing machine,PCB Manufacturing / Fabrication,A 核心优先,91.7,260,18.0,2.06,1900.0,49.0,25.47
pcb fabrication machine,PCB Manufacturing / Fabrication,A 核心优先,91.7,260,19.0,2.06,1900.0,49.0,25.47
pcb assembly cheap,PCB Assembly / PCBA,A 核心优先,91.5,10,,9.25,,,
low-cost pcb assembly,PCB Assembly / PCBA,A 核心优先,91.5,10,,9.25,,,
custom flex pcb,Flex / Rigid-Flex PCB,A 核心优先,91.5,20,,6.76,,,
order low cost pcb assembly,PCB Assembly / PCBA,A 核心优先,91.5,10,,9.25,,,
pcb assembly low cost,PCB Assembly / PCBA,A 核心优先,91.5,20,,9.25,,,
cheapest pcb assembly,PCB Assembly / PCBA,A 核心优先,91.5,10,,9.25,,,
pcb assembly line,PCB Assembly / PCBA,A 核心优先,91.4,40,26.0,6.22,,,
hdi pcb manufacturer,PCB Manufacturing / Fabrication,A 核心优先,91.3,260,23.0,5.15,590.0,20.0,90.35
cheap pcb assembly,PCB Assembly / PCBA,A 核心优先,91.3,50,38.0,3.32,170.0,29.0,117.1
us based pcb prototyping,PCB Prototype / Quick-turn,A 核心优先,91.1,30,49.0,9.03,,,
rigid-flex pcb manufacturer,PCB Manufacturing / Fabrication,A 核心优先,91.0,70,22.0,16.08,,,
custom pcb manufacturing services,PCB Manufacturing / Fabrication,A 核心优先,91.0,10,,0.0,,,
how much does custom pcb manufacturing cost,PCB Manufacturing / Fabrication,A 核心优先,91.0,10,,0.0,,,
custom industrial pcb manufacturing,PCB Manufacturing / Fabrication,A 核心优先,91.0,10,,0.0,,,
custom pcb manufacturing cost 2025 or 2026,PCB Manufacturing / Fabrication,A 核心优先,91.0,10,,0.0,,,
custom pcb assembly service,PCB Assembly / PCBA,A 核心优先,91.0,20,,0.0,,,
pcb assembly custom,PCB Assembly / PCBA,A 核心优先,91.0,20,,0.0,,,
typical lead time custom pcb manufacturing,PCB Manufacturing / Fabrication,A 核心优先,91.0,10,,0.0,,,
rigid flex pcb suppliers,PCB Manufacturing / Fabrication,A 核心优先,91.0,30,12.0,17.73,,,
custom pcb manufacturing cost 2026,PCB Manufacturing / Fabrication,A 核心优先,91.0,10,,0.0,,,
custom pcb manufacturing lead time,PCB Manufacturing / Fabrication,A 核心优先,91.0,10,,0.0,,,
custom pcb fabrication manufacturer,PCB Manufacturing / Fabrication,A 核心优先,91.0,10,,0.0,,,
pcb manufacturing custom,PCB Manufacturing / Fabrication,A 核心优先,91.0,10,,0.0,,,
cirexx international customer reviews testimonials pcb assembly,PCB Assembly / PCBA,A 核心优先,91.0,20,,0.0,,,
custom medical pcb assembly,PCB Assembly / PCBA,A 核心优先,91.0,10,,0.0,,,
through hole pcb assembly service,PCB Assembly / PCBA,A 核心优先,91.0,110,18.0,3.02,,,
custom pcb prototypes,PCB Prototype / Quick-turn,A 核心优先,91.0,10,,0.0,,,
custom pcb fabrication factory,PCB Manufacturing / Fabrication,A 核心优先,91.0,10,,0.0,,,
custom quick turn pcb assembly,PCB Assembly / PCBA,A 核心优先,91.0,10,,0.0,,,
pcb prototype service usa,PCB Prototype / Quick-turn,A 核心优先,91.0,20,,6.48,,,
custom pcb manufacturing cost,PCB Manufacturing / Fabrication,A 核心优先,91.0,10,,0.0,,,
custom lighting pcb fabrication,PCB Manufacturing / Fabrication,A 核心优先,91.0,20,,0.0,,,
custom pcb fabrication service,PCB Manufacturing / Fabrication,A 核心优先,91.0,20,,0.0,,,
custom pcb manufacturing cost 2025 2026,PCB Manufacturing / Fabrication,A 核心优先,91.0,10,,0.0,,,
custom robot pcb assembly,PCB Assembly / PCBA,A 核心优先,91.0,10,,0.0,,,
custom medical pcb manufacturing,PCB Manufacturing / Fabrication,A 核心优先,91.0,10,,0.0,,,
offshore pcb manufacturing services,PCB Manufacturing / Fabrication,A 核心优先,90.9,10,,8.94,,,
usa pcb prototype,PCB Prototype / Quick-turn,A 核心优先,90.8,90,46.0,6.41,,,
flex pcb supplier,PCB Manufacturing / Fabrication,A 核心优先,90.8,110,27.0,9.38,,,
rigid pcb fabrication,PCB Manufacturing / Fabrication,A 核心优先,90.7,30,,8.86,,,
pcb fabrication manufacturer,PCB Manufacturing / Fabrication,A 核心优先,90.7,3600,58.0,8.85,,,
pcb assembly drawing,PCB Assembly / PCBA,A 核心优先,90.5,50,8.0,5.74,,,
pcb board assembly china,PCB Assembly / PCBA,A 核心优先,90.5,30,,3.77,,,
china pcb assembly manufacturers,PCB Assembly / PCBA,A 核心优先,90.5,10,,3.77,,,
usa pcb fabrication,PCB Manufacturing / Fabrication,A 核心优先,90.4,40,53.0,9.18,,,
low cost pcb prototype,PCB Prototype / Quick-turn,A 核心优先,90.4,30,17.0,5.7,,,
inexpensive pcb prototyping,PCB Prototype / Quick-turn,A 核心优先,90.4,30,25.0,5.7,,,
sacramento pcb assembly,PCB Assembly / PCBA,A 核心优先,90.3,30,,8.67,,,
pcb assembly process,PCB Assembly / PCBA,A 核心优先,90.1,170,31.0,2.54,,,
smd pcb assembly quotes,PCB Assembly / PCBA,A 核心优先,89.8,10,,8.39,,,
pcb assembly companies in usa,PCB Assembly / PCBA,A 核心优先,89.8,40,41.0,5.9,,,
pcb layout services,Other,A 核心优先,89.7,480,12.0,13.54,320.0,22.0,106.64
china pcb prototypes,PCB Prototype / Quick-turn,A 核心优先,89.6,10,,3.31,,,
ems pcb assembly,PCB Assembly / PCBA,A 核心优先,89.6,50,3.0,5.32,,,
pcb manufacturing companies in bangalore,PCB Manufacturing / Fabrication,A 核心优先,89.0,30,10.0,5.0,,,
pcb fabrication house,PCB Manufacturing / Fabrication,A 核心优先,88.8,20,,7.92,,,
double-sided pcb assembly,PCB Assembly / PCBA,A 核心优先,88.7,40,4.0,4.83,,,
fast pcb prototype,PCB Prototype / Quick-turn,A 核心优先,88.4,30,,7.7,,,
fast pcb prototypes,PCB Prototype / Quick-turn,A 核心优先,88.4,10,,7.7,,,
quick pcb prototype,PCB Prototype / Quick-turn,A 核心优先,88.4,40,,7.7,,,
pcb assembly supplier,PCB Assembly / PCBA,A 核心优先,88.3,170,62.0,7.64,,,
cheap pcb fabrication,PCB Manufacturing / Fabrication,A 核心优先,88.3,50,25.0,4.65,,,
pcb manufacturing assembly,PCB Assembly / PCBA,A 核心优先,88.3,260,55.0,7.64,,,
pcb prototype company,PCB Prototype / Quick-turn,A 核心优先,88.3,20,,7.65,,,
pcb assembly manufacturers,PCB Assembly / PCBA,A 核心优先,88.3,260,58.0,7.64,,,
pcb board assembly manufacturing,PCB Assembly / PCBA,A 核心优先,88.3,90,43.0,7.64,,,
inexpensive pcb fabrication,PCB Manufacturing / Fabrication,A 核心优先,88.1,70,28.0,4.54,,,
pcb circuit board assembly,PCB Assembly / PCBA,A 核心优先,88.1,90,41.0,7.56,,,
custom flexible pcb china,Flex / Rigid-Flex PCB,A 核心优先,88.0,10,,0.0,,,
pcb prototype supplier,PCB Manufacturing / Fabrication,A 核心优先,88.0,110,80.0,12.79,,,
pcb prototype suppliers,PCB Manufacturing / Fabrication,A 核心优先,88.0,260,75.0,12.79,,,
pcb manufacturing process,PCB Manufacturing / Fabrication,A 核心优先,87.9,320,39.0,2.44,,,
pcb fabrication process,PCB Manufacturing / Fabrication,A 核心优先,87.9,320,36.0,2.44,,,
low cost pcb fabrication,PCB Manufacturing / Fabrication,A 核心优先,87.8,20,,7.42,,,
customized flexible pcb,Flex / Rigid-Flex PCB,A 核心优先,87.8,10,,4.9,,,
pcb prototyper,PCB Prototype / Quick-turn,A 核心优先,87.5,10,,7.23,,,
pcb prototypen,PCB Prototype / Quick-turn,A 核心优先,87.5,10,,7.23,,,
pcb prototype technology,PCB Prototype / Quick-turn,A 核心优先,87.5,10,,7.23,,,
pcb manufacturing online,PCB Manufacturing / Fabrication,A 核心优先,87.4,10,,7.19,,,
pcb fabrication online,PCB Manufacturing / Fabrication,A 核心优先,87.4,10,,7.19,,,
printed circuit board assembly suppliers,PCB Assembly / PCBA,A 核心优先,87.4,30,56.0,10.19,,,
china pcb fabrication,PCB Manufacturing / Fabrication,A 核心优先,87.3,30,60.0,5.16,,,
pcb manufacturing equipment,PCB Manufacturing / Fabrication,A 核心优先,87.1,90,20.0,4.03,,,
digikey pcb assembly,PCB Assembly / PCBA,A 核心优先,87.1,20,,7.05,,,
pcb manufacturing price,PCB Manufacturing / Fabrication,A 核心优先,87.1,30,14.0,4.04,,,
pcb assembly machine,PCB Assembly / PCBA,A 核心优先,87.0,70,16.0,2.87,390.0,45.0,23.0
small batch pcb assembly,PCB Assembly / PCBA,A 核心优先,87.0,40,,7.01,,,
turnkey pcb,PCB Assembly / PCBA,A 核心优先,87.0,70,22.0,19.58,110.0,44.0,231.06
metal core pcb manufacturer,PCB Manufacturing / Fabrication,A 核心优先,86.9,140,14.0,4.77,90.0,37.0,54.03
pcb manufacturing low cost,PCB Manufacturing / Fabrication,A 核心优先,86.9,20,,6.94,,,
pcb prototype services,PCB Prototype / Quick-turn,A 核心优先,86.7,50,67.0,9.85,,,
pcb prototyping service,PCB Prototype / Quick-turn,A 核心优先,86.7,50,55.0,9.85,,,
cheap pcb manufacturing usa,PCB Manufacturing / Fabrication,A 核心优先,86.6,20,,4.32,,,
multilayer pcb supplier,PCB Manufacturing / Fabrication,A 核心优先,86.5,140,19.0,7.23,,,
pcb manufacturing services,PCB Manufacturing / Fabrication,A 核心优先,86.4,90,67.0,9.68,,,
pcb prototyping machine,PCB Prototype / Quick-turn,A 核心优先,86.3,70,9.0,2.25,390.0,53.0,27.82
pcb manufacturing process flow chart,PCB Manufacturing / Fabrication,A 核心优先,86.3,30,14.0,3.64,,,
prototype pcb assembly services,PCB Assembly / PCBA,A 核心优先,86.0,110,61.0,6.5,,,
pcb prototype assembly services,PCB Assembly / PCBA,A 核心优先,86.0,10,,6.5,,,
pcb assembly prototype service,PCB Assembly / PCBA,A 核心优先,86.0,20,,6.5,,,
pcb manufacturing equipment suppliers,PCB Manufacturing / Fabrication,A 核心优先,85.7,40,22.0,3.37,,,
pcb fabrication san jose,PCB Manufacturing / Fabrication,A 核心优先,85.6,20,,6.3,,,
