Keyword,Cluster,Priority,Search Intent,Landing Page / Content,Recommended Action,Semrush Volume (US),KD,CPC USD,GKP Avg Monthly Searches,GKP Competition Index,Top Bid CNY High,Why Selected
custom pcb,Custom PCB / Manufacturer,A 核心优先,B2B采购/询盘,Custom PCB hub,现有页面优化,1300.0,50.0,3.59,5400.0,67.0,51.14,现有页面优化
custom printed circuit board,Custom PCB / Manufacturer,A 核心优先,B2B采购/询盘,Custom PCB hub,现有页面优化,590.0,65.0,3.59,5400.0,67.0,51.14,现有页面优化
custom pcb manufacturer,Custom PCB / Manufacturer,A 核心优先,B2B采购/询盘,Custom PCB manufacturing page,建议单独做/强化页面,170.0,69.0,5.42,480.0,25.0,69.32,建议单独做/强化页面
custom pcb manufacturing,Custom PCB / Manufacturer,A 核心优先,B2B采购/询盘,Custom PCB manufacturing page,建议单独做/强化页面,110.0,72.0,5.42,,,,建议单独做/强化页面
custom pcb fabrication,Custom PCB / Manufacturer,A 核心优先,B2B采购/询盘,PCB Fabrication page,现有页面优化,140.0,68.0,5.42,,,,现有页面优化
custom pcb assembly,PCB Assembly / PCBA,A 核心优先,B2B采购/询盘,PCB Assembly page,现有页面优化,170.0,58.0,11.94,170.0,22.0,160.41,现有页面优化
custom pcba,PCB Assembly / PCBA,A 核心优先,B2B采购/询盘,PCB Assembly page,现有页面优化,480.0,46.0,4.1,,,,现有页面优化
pcb manufacturer,PCB Manufacturing / Fabrication,A 核心优先,B2B采购/询盘,Homepage / Custom PCB manufacturing page,高难度主词，首页+制造商页承接,880.0,71.0,8.85,,,,高难度主词，首页+制造商页承接
pcb manufacturers,PCB Manufacturing / Fabrication,A 核心优先,B2B采购/询盘,Homepage / Custom PCB manufacturing page,高难度主词，首页+制造商页承接,1300.0,67.0,8.85,,,,高难度主词，首页+制造商页承接
pcb manufacturing,PCB Manufacturing / Fabrication,A 核心优先,B2B采购/询盘,PCB Manufacturing page,建议做核心服务页,2900.0,64.0,8.85,18100.0,17.0,73.41,建议做核心服务页
pcb manufacturing companies,PCB Manufacturing / Fabrication,B 次优先,B2B采购/询盘,PCB Manufacturing page,对比型B端采购词,320.0,62.0,10.62,1300.0,31.0,46.89,对比型B端采购词
printed circuit board manufacturer,PCB Manufacturing / Fabrication,A 核心优先,B2B采购/询盘,PCB Manufacturing page,制造商意图强,320.0,43.0,8.85,,,,制造商意图强
circuit board manufacturer,PCB Manufacturing / Fabrication,A 核心优先,B2B采购/询盘,PCB Manufacturing page,制造商意图强,390.0,63.0,6.11,,,,制造商意图强
circuit board manufacturing,PCB Manufacturing / Fabrication,A 核心优先,B2B采购/询盘,PCB Manufacturing page,制造服务词,1000.0,42.0,6.11,18100.0,17.0,73.41,制造服务词
circuit board manufacturing companies,PCB Manufacturing / Fabrication,B 次优先,B2B采购/询盘,PCB Manufacturing page,采购商找供应商,210.0,42.0,9.01,1300.0,31.0,46.89,采购商找供应商
pcb fabrication,PCB Manufacturing / Fabrication,A 核心优先,B2B采购/询盘,PCB Fabrication page,现有页面重点优化,1000.0,72.0,9.79,3600.0,37.0,123.29,现有页面重点优化
pcb fabrication service,PCB Manufacturing / Fabrication,A 核心优先,B2B采购/询盘,PCB Fabrication page,服务采购词,260.0,60.0,16.42,480.0,6.0,99.39,服务采购词
pcb fabrication quote,PCB Manufacturing / Fabrication,A 核心优先,B2B采购/询盘,PCB Fabrication page / Quote section,报价转化词,30.0,27.0,9.55,,,,报价转化词
pcb board fabrication,PCB Manufacturing / Fabrication,A 核心优先,B2B采购/询盘,PCB Fabrication page,同义词覆盖,1600.0,64.0,8.85,18100.0,17.0,73.41,同义词覆盖
pcb board manufacturer,PCB Manufacturing / Fabrication,A 核心优先,B2B采购/询盘,PCB Manufacturing page,制造商词,1300.0,75.0,6.11,18100.0,17.0,73.41,制造商词
pcb supplier,PCB Manufacturing / Fabrication,B 次优先,B2B采购/询盘,PCB Supplier page,供应商词,210.0,66.0,6.39,,,,供应商词
pcb suppliers,PCB Manufacturing / Fabrication,B 次优先,B2B采购/询盘,PCB Supplier page,供应商词,110.0,64.0,5.69,320.0,43.0,99.01,供应商词
pcb factory,PCB Manufacturing / Fabrication,B 次优先,B2B采购/询盘,PCB Factory page,低量但B2B意图明确,110.0,66.0,5.13,720.0,29.0,37.64,低量但B2B意图明确
china pcb manufacturer,China Supplier / Export,A 核心优先,B2B采购/询盘,China PCB Manufacturer page,很适合深圳工厂出口定位,170.0,32.0,5.88,,,,很适合深圳工厂出口定位
pcb manufacturer china,China Supplier / Export,A 核心优先,B2B采购/询盘,China PCB Manufacturer page,很适合深圳工厂出口定位,140.0,23.0,5.16,,,,很适合深圳工厂出口定位
pcb manufacturer in china,China Supplier / Export,A 核心优先,B2B采购/询盘,China PCB Manufacturer page,很适合深圳工厂出口定位,140.0,22.0,5.16,,,,很适合深圳工厂出口定位
pcb manufacturers in china,China Supplier / Export,B 次优先,B2B采购/询盘,China PCB Manufacturer page,供应商比较词,90.0,56.0,5.88,,,,供应商比较词
china pcb supplier,China Supplier / Export,B 次优先,B2B采购/询盘,China PCB Supplier page,供应商词,140.0,56.0,5.88,,,,供应商词
pcb fabrication china,China Supplier / Export,B 次优先,B2B采购/询盘,China PCB Fabrication page,中国工厂词,140.0,35.0,5.16,,,,中国工厂词
pcb assembly,PCB Assembly / PCBA,A 核心优先,B2B采购/询盘,PCB Assembly page,现有页面重点优化,2900.0,41.0,10.63,12100.0,26.0,90.47,现有页面重点优化
pcb assembly services,PCB Assembly / PCBA,A 核心优先,B2B采购/询盘,PCB Assembly page,服务采购词,880.0,34.0,10.58,1900.0,15.0,110.88,服务采购词
pcb assembly service,PCB Assembly / PCBA,A 核心优先,B2B采购/询盘,PCB Assembly page,服务采购词,260.0,37.0,8.65,,,,服务采购词
pcb assembly manufacturer,PCB Assembly / PCBA,A 核心优先,B2B采购/询盘,PCB Assembly page,制造商意图强,1000.0,52.0,13.68,4400.0,20.0,154.67,制造商意图强
pcb assembly companies,PCB Assembly / PCBA,B 次优先,B2B采购/询盘,PCB Assembly page,采购比较词,170.0,55.0,17.45,480.0,21.0,312.61,采购比较词
printed circuit board assembly,PCB Assembly / PCBA,A 核心优先,B2B采购/询盘,PCB Assembly page,同义核心词,1900.0,24.0,10.63,12100.0,26.0,90.47,同义核心词
printed circuit board assembly manufacturer,PCB Assembly / PCBA,A 核心优先,B2B采购/询盘,PCB Assembly page,制造商采购词,210.0,63.0,7.64,4400.0,20.0,154.67,制造商采购词
printed circuit board assembly companies,PCB Assembly / PCBA,B 次优先,B2B采购/询盘,PCB Assembly page,采购比较词,170.0,34.0,8.94,480.0,21.0,312.61,采购比较词
circuit board assembly,PCB Assembly / PCBA,A 核心优先,B2B采购/询盘,PCB Assembly page,同义核心词,1300.0,39.0,7.56,12100.0,26.0,90.47,同义核心词
circuit board assembly manufacturers,PCB Assembly / PCBA,A 核心优先,B2B采购/询盘,PCB Assembly page,制造商采购词,170.0,45.0,13.68,,,,制造商采购词
pcb board assembly,PCB Assembly / PCBA,A 核心优先,B2B采购/询盘,PCB Assembly page,同义核心词,720.0,39.0,7.56,12100.0,26.0,90.47,同义核心词
pcba,PCB Assembly / PCBA,B 次优先,B2B采购/询盘,PCBA page,主词宽泛，但可承接,3600.0,29.0,8.37,27100.0,26.0,50.02,主词宽泛，但可承接
pcba manufacturing,PCB Assembly / PCBA,A 核心优先,B2B采购/询盘,PCBA Manufacturing page,服务意图强,590.0,17.0,7.34,1600.0,38.0,115.05,服务意图强
pcba assembly,PCB Assembly / PCBA,A 核心优先,B2B采购/询盘,PCBA Assembly page,服务意图强,110.0,28.0,7.56,,,,服务意图强
pcb assembly supplier,PCB Assembly / PCBA,B 次优先,B2B采购/询盘,PCB Assembly page,供应商词,170.0,62.0,7.64,,,,供应商词
pcba supplier,PCB Assembly / PCBA,B 次优先,B2B采购/询盘,PCBA page,供应商词,110.0,52.0,5.69,,,,供应商词
turnkey pcb assembly,PCB Assembly / PCBA,A 核心优先,B2B采购/询盘,Turnkey PCB Assembly page,高转化服务词,590.0,23.0,21.3,390.0,17.0,126.74,高转化服务词
full turnkey pcb assembly,PCB Assembly / PCBA,A 核心优先,B2B采购/询盘,Turnkey PCB Assembly page,高转化长尾,210.0,12.0,7.49,,,,高转化长尾
prototype pcb assembly,PCB Assembly / PCBA,A 核心优先,B2B采购/询盘,Prototype PCB Assembly page,打样+装配高意图,320.0,38.0,11.35,590.0,28.0,134.91,打样+装配高意图
quick turn pcb assembly,PCB Assembly / PCBA,A 核心优先,B2B采购/询盘,Quick Turn PCB Assembly page,快速交付词,320.0,17.0,24.84,170.0,40.0,335.36,快速交付词
low volume pcb assembly,PCB Assembly / PCBA,A 核心优先,B2B采购/询盘,Low Volume PCB Assembly page,B2B小批量采购,170.0,4.0,8.04,170.0,20.0,61.93,B2B小批量采购
smt pcb assembly,PCB Assembly / PCBA,A 核心优先,B2B采购/询盘,SMT PCB Assembly section,工艺型服务词,390.0,15.0,8.39,590.0,14.0,62.97,工艺型服务词
smd pcb assembly,PCB Assembly / PCBA,B 次优先,B2B采购/询盘,SMT PCB Assembly section,工艺型服务词,110.0,6.0,6.39,590.0,14.0,62.97,工艺型服务词
smt assembly,PCB Assembly / PCBA,B 次优先,B2B采购/询盘,SMT PCB Assembly page/section,GKP有量，建议补充,,,,880.0,21.0,50.49,GKP有量，建议补充
through hole pcb assembly,PCB Assembly / PCBA,B 次优先,B2B采购/询盘,Through-hole Assembly section,工艺型服务词,140.0,16.0,4.94,140.0,6.0,41.31,工艺型服务词
pcb assembly quote,PCB Assembly / PCBA,A 核心优先,B2B采购/询盘,PCB Assembly page / Quote CTA,报价转化词,170.0,17.0,0.0,90.0,32.0,71.1,报价转化词
pcb assembly cost,PCB Assembly / PCBA,C 内容/FAQ,内容/FAQ辅助转化,Cost/quote FAQ,适合FAQ承接转化,110.0,16.0,6.28,210.0,33.0,41.79,适合FAQ承接转化
contract manufacturing pcb assembly,PCB Assembly / PCBA,B 次优先,B2B采购/询盘,PCB Assembly page,代工采购词,50.0,13.0,11.79,,,,代工采购词
pcb assembly contract manufacturer,PCB Assembly / PCBA,B 次优先,B2B采购/询盘,PCB Assembly page,代工采购词,70.0,15.0,11.79,,,,代工采购词
electronic circuit board assembly,PCB Assembly / PCBA,B 次优先,B2B采购/询盘,PCB Assembly page,同义服务词,140.0,33.0,13.2,,,,同义服务词
pcb assembly house,PCB Assembly / PCBA,B 次优先,B2B采购/询盘,PCB Assembly page,行业叫法,50.0,43.0,8.32,90.0,31.0,154.54,行业叫法
pcb prototype,PCB Prototype / Quick-turn,A 核心优先,B2B采购/询盘,PCB Prototype page,现有页面重点优化,720.0,29.0,6.52,4400.0,98.0,65.48,现有页面重点优化
pcb prototype service,PCB Prototype / Quick-turn,A 核心优先,B2B采购/询盘,PCB Prototype page,服务采购词,260.0,68.0,10.57,390.0,46.0,163.0,服务采购词
pcb prototyping services,PCB Prototype / Quick-turn,A 核心优先,B2B采购/询盘,PCB Prototype page,服务采购词,70.0,31.0,10.57,,,,服务采购词
rapid pcb prototyping,PCB Prototype / Quick-turn,A 核心优先,B2B采购/询盘,PCB Prototype page,快速打样词,140.0,14.0,10.68,320.0,24.0,156.0,快速打样词
fast pcb prototyping,PCB Prototype / Quick-turn,A 核心优先,B2B采购/询盘,PCB Prototype page,快速打样词,40.0,19.0,14.6,110.0,72.0,130.41,快速打样词
quick pcb prototyping,PCB Prototype / Quick-turn,B 次优先,B2B采购/询盘,PCB Prototype page,快速打样长尾,30.0,18.0,14.6,,,,快速打样长尾
quick turn pcb prototypes,PCB Prototype / Quick-turn,B 次优先,B2B采购/询盘,PCB Prototype page,快速打样长尾,70.0,18.0,16.19,,,,快速打样长尾
quick turn pcb fabrication,PCB Prototype / Quick-turn,A 核心优先,B2B采购/询盘,PCB Fabrication/Prototype page,高CPC快速生产词,210.0,16.0,22.34,140.0,41.0,389.91,高CPC快速生产词
quick-turn pcb fabrication,PCB Prototype / Quick-turn,B 次优先,B2B采购/询盘,PCB Fabrication/Prototype page,拼写变体,10.0,,16.61,,,,拼写变体
prototype pcb manufacturing,PCB Prototype / Quick-turn,A 核心优先,B2B采购/询盘,PCB Prototype page,从打样到生产词,260.0,40.0,12.79,,,,从打样到生产词
flexible pcb,Flex / Rigid-Flex PCB,A 核心优先,B2B采购/询盘,Flexible PCB page,现有/品类页核心词,1300.0,37.0,4.55,9900.0,41.0,37.29,现有/品类页核心词
flex pcb,Flex / Rigid-Flex PCB,A 核心优先,B2B采购/询盘,Flex PCB page,同义核心词,1000.0,31.0,4.55,,,,同义核心词
flexible pcb board,Flex / Rigid-Flex PCB,B 次优先,B2B采购/询盘,Flexible PCB page,品类同义词,720.0,35.0,4.55,9900.0,41.0,37.29,品类同义词
flexible pcb manufacturer,Flex / Rigid-Flex PCB,A 核心优先,B2B采购/询盘,Flexible PCB page,制造商词,320.0,28.0,9.38,,,,制造商词
flexible pcb manufacturers,Flex / Rigid-Flex PCB,A 核心优先,B2B采购/询盘,Flexible PCB page,制造商词,210.0,30.0,14.6,,,,制造商词
flexible pcb supplier,Flex / Rigid-Flex PCB,A 核心优先,B2B采购/询盘,Flexible PCB page,供应商词,140.0,34.0,10.62,,,,供应商词
flexible pcb manufacturing,Flex / Rigid-Flex PCB,A 核心优先,B2B采购/询盘,Flexible PCB page,制造词,110.0,27.0,14.6,,,,制造词
flexible pcb fabrication,Flex / Rigid-Flex PCB,A 核心优先,B2B采购/询盘,Flexible PCB page,制造词,90.0,24.0,10.62,260.0,12.0,116.14,制造词
flexible pcb prototype,Flex / Rigid-Flex PCB,B 次优先,B2B采购/询盘,Flexible PCB page,打样词,90.0,25.0,6.06,320.0,13.0,57.3,打样词
flexible pcb price,Flex / Rigid-Flex PCB,C 内容/FAQ,内容/FAQ辅助转化,Flexible PCB FAQ,价格FAQ,50.0,17.0,4.13,210.0,45.0,31.15,价格FAQ
flex pcb manufacturer,Flex / Rigid-Flex PCB,A 核心优先,B2B采购/询盘,Flex PCB page,制造商词,390.0,30.0,14.6,1000.0,36.0,182.47,制造商词
flex pcb suppliers,Flex / Rigid-Flex PCB,A 核心优先,B2B采购/询盘,Flex PCB page,供应商词,320.0,28.0,9.38,,,,供应商词
flex pcb fabrication,Flex / Rigid-Flex PCB,A 核心优先,B2B采购/询盘,Flex PCB page,制造词,210.0,23.0,9.38,,,,制造词
flex pcb assembly,Flex / Rigid-Flex PCB,B 次优先,B2B采购/询盘,Flex PCB page/Assembly section,装配词,140.0,16.0,3.93,170.0,24.0,43.57,装配词
quick turn flex pcb,Flex / Rigid-Flex PCB,B 次优先,B2B采购/询盘,Flex PCB page,快速交付词,110.0,31.0,17.24,,,,快速交付词
rigid flex pcb,Flex / Rigid-Flex PCB,A 核心优先,B2B采购/询盘,Rigid-Flex PCB page,建议新增/强化品类页,720.0,22.0,6.59,2900.0,38.0,45.22,建议新增/强化品类页
rigid-flex pcb,Flex / Rigid-Flex PCB,A 核心优先,B2B采购/询盘,Rigid-Flex PCB page,拼写变体,390.0,22.0,5.81,,,,拼写变体
rigid flex pcb manufacturer,Flex / Rigid-Flex PCB,A 核心优先,B2B采购/询盘,Rigid-Flex PCB page,高转化制造商词,210.0,22.0,16.08,,,,高转化制造商词
rigid flex pcb supplier,Flex / Rigid-Flex PCB,A 核心优先,B2B采购/询盘,Rigid-Flex PCB page,供应商词,170.0,20.0,16.08,,,,供应商词
rigid flex pcb fabrication,Flex / Rigid-Flex PCB,A 核心优先,B2B采购/询盘,Rigid-Flex PCB page,制造词,110.0,14.0,16.08,390.0,26.0,224.0,制造词
rigid flex pcb manufacturing,Flex / Rigid-Flex PCB,A 核心优先,B2B采购/询盘,Rigid-Flex PCB page,制造词,50.0,11.0,16.08,,,,制造词
rigid flex pcb manufacturers,Flex / Rigid-Flex PCB,A 核心优先,B2B采购/询盘,Rigid-Flex PCB page,制造商复数,110.0,17.0,16.08,390.0,26.0,224.0,制造商复数
custom rigid flex pcb,Flex / Rigid-Flex PCB,B 次优先,B2B采购/询盘,Rigid-Flex PCB page,定制长尾,40.0,17.0,5.97,,,,定制长尾
rigid-flex pcb manufacturer,Flex / Rigid-Flex PCB,B 次优先,B2B采购/询盘,Rigid-Flex PCB page,拼写变体,70.0,22.0,16.08,,,,拼写变体
rigid-flex pcb fabrication,Flex / Rigid-Flex PCB,B 次优先,B2B采购/询盘,Rigid-Flex PCB page,拼写变体,30.0,20.0,17.73,,,,拼写变体
hdi pcb,HDI PCB,A 核心优先,B2B采购/询盘,HDI PCB page,建议新增/强化品类页,720.0,27.0,4.27,3600.0,20.0,37.01,建议新增/强化品类页
hdi pcb manufacturer,HDI PCB,A 核心优先,B2B采购/询盘,HDI PCB page,制造商词,260.0,23.0,5.15,590.0,20.0,90.35,制造商词
hdi pcb fabrication,HDI PCB,A 核心优先,B2B采购/询盘,HDI PCB page,制造词,170.0,20.0,5.15,,,,制造词
hdi pcb supplier,HDI PCB,B 次优先,B2B采购/询盘,HDI PCB page,供应商词,30.0,13.0,5.17,,,,供应商词
hdi pcb manufacturing,HDI PCB,B 次优先,B2B采购/询盘,HDI PCB page,制造词,30.0,,9.78,,,,制造词
hdi pcb manufacture,HDI PCB,B 次优先,B2B采购/询盘,HDI PCB page,制造词变体,30.0,10.0,5.17,,,,制造词变体
aluminum pcb,Aluminum / Metal Core PCB,A 核心优先,B2B采购/询盘,Aluminum PCB page,现有/品类页核心词,260.0,20.0,3.46,1600.0,39.0,30.13,现有/品类页核心词
aluminum pcb board,Aluminum / Metal Core PCB,B 次优先,B2B采购/询盘,Aluminum PCB page,品类同义词,170.0,15.0,3.46,1600.0,39.0,30.13,品类同义词
aluminum pcb manufacturer,Aluminum / Metal Core PCB,A 核心优先,B2B采购/询盘,Aluminum PCB page,制造商词,50.0,23.0,0.0,70.0,33.0,105.61,制造商词
aluminum pcb supplier,Aluminum / Metal Core PCB,B 次优先,B2B采购/询盘,Aluminum PCB page,供应商词,40.0,,5.52,,,,供应商词
aluminum pcb manufacturing,Aluminum / Metal Core PCB,B 次优先,B2B采购/询盘,Aluminum PCB page,制造词,20.0,,5.52,,,,制造词
metal core pcb,Aluminum / Metal Core PCB,A 核心优先,B2B采购/询盘,Metal Core PCB page/section,MCPCB同义核心词,210.0,21.0,2.74,720.0,27.0,30.75,MCPCB同义核心词
metal core pcb manufacturer,Aluminum / Metal Core PCB,A 核心优先,B2B采购/询盘,Metal Core PCB page/section,制造商词,140.0,14.0,4.77,90.0,37.0,54.03,制造商词
metal core pcb supplier,Aluminum / Metal Core PCB,B 次优先,B2B采购/询盘,Metal Core PCB page/section,供应商词,90.0,15.0,2.74,,,,供应商词
metal core pcb fabrication,Aluminum / Metal Core PCB,B 次优先,B2B采购/询盘,Metal Core PCB page/section,制造词,20.0,,2.53,,,,制造词
mcpcb,Aluminum / Metal Core PCB,B 次优先,B2B采购/询盘,Metal Core PCB page/section,缩写词，需在页面解释,,,,1600.0,43.0,27.18,缩写词，需在页面解释
custom mcpcb,Aluminum / Metal Core PCB,B 次优先,B2B采购/询盘,Metal Core PCB page/section,定制长尾,,,,10.0,39.0,47.68,定制长尾
led mcpcb manufacturer,Aluminum / Metal Core PCB,B 次优先,B2B采购/询盘,Metal Core PCB page/section,LED应用供应商词,,,,10.0,14.0,,LED应用供应商词
fr4 pcb,FR4 PCB,A 核心优先,B2B采购/询盘,FR4 PCB page,现有/品类页核心词,390.0,34.0,3.04,2900.0,63.0,25.1,现有/品类页核心词
fr4 pcb board,FR4 PCB,B 次优先,B2B采购/询盘,FR4 PCB page,品类同义词,260.0,22.0,2.54,,,,品类同义词
fr4 pcb manufacturer,FR4 PCB,B 次优先,B2B采购/询盘,FR4 PCB page,制造商词,30.0,,0.0,,,,制造商词
high tg fr4 pcb manufacturer,FR4 PCB,B 次优先,B2B采购/询盘,FR4 PCB page/section,高TG长尾,40.0,,0.0,,,,高TG长尾
copper pcb,Copper / Heavy Copper PCB,B 次优先,B2B采购/询盘,Copper PCB page,现有/品类页核心词,170.0,23.0,2.15,2400.0,90.0,24.75,现有/品类页核心词
copper pcb board,Copper / Heavy Copper PCB,B 次优先,B2B采购/询盘,Copper PCB page,品类同义词,140.0,9.0,2.15,2400.0,90.0,24.75,品类同义词
heavy copper pcb,Copper / Heavy Copper PCB,A 核心优先,B2B采购/询盘,Heavy Copper PCB page/section,更有B端特殊需求,170.0,15.0,3.71,320.0,24.0,34.97,更有B端特殊需求
heavy copper pcb manufacturer,Copper / Heavy Copper PCB,A 核心优先,B2B采购/询盘,Heavy Copper PCB page/section,制造商词,50.0,10.0,4.36,,,,制造商词
heavy copper pcb manufacturers,Copper / Heavy Copper PCB,B 次优先,B2B采购/询盘,Heavy Copper PCB page/section,复数变体,40.0,4.0,4.36,720.0,24.0,37.21,复数变体
heavy copper pcb supplier,Copper / Heavy Copper PCB,B 次优先,B2B采购/询盘,Heavy Copper PCB page/section,供应商词,40.0,,0.0,,,,供应商词
2oz copper pcb,Copper / Heavy Copper PCB,C 内容/FAQ,内容/FAQ辅助转化,Heavy Copper PCB FAQ,规格长尾,30.0,6.0,5.24,90.0,26.0,30.13,规格长尾
thick copper pcb,Copper / Heavy Copper PCB,B 次优先,B2B采购/询盘,Heavy Copper PCB page/section,规格类商业词,50.0,20.0,2.6,,,,规格类商业词
multilayer pcb,Multilayer PCB,A 核心优先,B2B采购/询盘,Multilayer PCB page,现有/品类页核心词,590.0,19.0,2.45,2900.0,15.0,32.25,现有/品类页核心词
multilayer pcb board,Multilayer PCB,B 次优先,B2B采购/询盘,Multilayer PCB page,品类同义词,210.0,16.0,2.45,2900.0,15.0,32.25,品类同义词
multilayer pcb supplier,Multilayer PCB,A 核心优先,B2B采购/询盘,Multilayer PCB page,供应商词,140.0,19.0,7.23,,,,供应商词
multilayer pcb manufacturing,Multilayer PCB,A 核心优先,B2B采购/询盘,Multilayer PCB page,制造词,110.0,15.0,7.23,,,,制造词
multilayer pcb fabrication,Multilayer PCB,A 核心优先,B2B采购/询盘,Multilayer PCB page,制造词,110.0,14.0,7.23,,,,制造词
multilayer pcb manufacturer,Multilayer PCB,A 核心优先,B2B采购/询盘,Multilayer PCB page,制造商词,70.0,13.0,6.04,,,,制造商词
multilayer pcb production,Multilayer PCB,B 次优先,B2B采购/询盘,Multilayer PCB page,生产词,50.0,17.0,7.23,,,,生产词
ceramic pcb,Specialty PCB Materials,B 次优先,B2B采购/询盘,Ceramic PCB page/section,特种材料词,260.0,22.0,2.82,1600.0,14.0,35.0,特种材料词
ceramic pcb board,Specialty PCB Materials,B 次优先,B2B采购/询盘,Ceramic PCB page/section,品类同义词,140.0,13.0,3.64,,,,品类同义词
ceramic pcb suppliers,Specialty PCB Materials,B 次优先,B2B采购/询盘,Ceramic PCB page/section,供应商词,30.0,1.0,2.99,,,,供应商词
ceramic pcb manufacturer,Specialty PCB Materials,B 次优先,B2B采购/询盘,Ceramic PCB page/section,制造商词,30.0,3.0,2.99,110.0,27.0,64.53,制造商词
rogers pcb,Specialty PCB Materials,B 次优先,B2B采购/询盘,Rogers PCB page/section,高频材料词,140.0,21.0,2.88,1000.0,27.0,32.67,高频材料词
rogers pcb supplier,Specialty PCB Materials,B 次优先,B2B采购/询盘,Rogers PCB page/section,供应商词,30.0,,2.83,,,,供应商词
rogers pcb manufacturer,Specialty PCB Materials,B 次优先,B2B采购/询盘,Rogers PCB page/section,制造商词,30.0,,0.0,,,,制造商词
rogers pcb fabrication,Specialty PCB Materials,B 次优先,B2B采购/询盘,Rogers PCB page/section,制造词,20.0,,0.0,,,,制造词
high frequency pcb,Specialty PCB Materials,B 次优先,B2B采购/询盘,High Frequency PCB page/section,高频应用词,140.0,16.0,2.66,390.0,14.0,24.79,高频应用词
high frequency pcb manufacturer,Specialty PCB Materials,A 核心优先,B2B采购/询盘,High Frequency PCB page/section,制造商词,90.0,0.0,4.1,,,,制造商词
high frequency pcb manufacturing,Specialty PCB Materials,B 次优先,B2B采购/询盘,High Frequency PCB page/section,制造词,30.0,,4.33,,,,制造词
rf pcb,Specialty PCB Materials,B 次优先,B2B采购/询盘,RF PCB page/section,RF应用词,390.0,18.0,3.33,1600.0,32.0,25.31,RF应用词
rf pcb manufacturer,Specialty PCB Materials,A 核心优先,B2B采购/询盘,RF PCB page/section,制造商词,170.0,13.0,10.22,,,,制造商词
rf pcb supplier,Specialty PCB Materials,B 次优先,B2B采购/询盘,RF PCB page/section,供应商词,40.0,7.0,4.32,,,,供应商词
microwave pcb,Specialty PCB Materials,B 次优先,B2B采购/询盘,Microwave PCB page/section,微波板应用词,90.0,15.0,2.41,320.0,28.0,20.67,微波板应用词
microwave pcb manufacturer,Specialty PCB Materials,B 次优先,B2B采购/询盘,Microwave PCB page/section,制造商词,90.0,13.0,0.0,,,,制造商词
microwave pcb fabrication,Specialty PCB Materials,B 次优先,B2B采购/询盘,Microwave PCB page/section,制造词,70.0,12.0,0.0,,,,制造词
led pcb board,LED / Application PCB,B 次优先,B2B采购/询盘,LED PCB / Aluminum PCB section,现有站点适合LED应用,590.0,5.0,0.87,5400.0,100.0,16.33,现有站点适合LED应用
led pcb,LED / Application PCB,B 次优先,B2B采购/询盘,LED PCB / Aluminum PCB section,LED应用词,210.0,8.0,1.08,1900.0,94.0,20.39,LED应用词
custom led pcb,LED / Application PCB,B 次优先,B2B采购/询盘,LED PCB / Aluminum PCB section,定制应用词,70.0,1.0,3.39,90.0,67.0,35.03,定制应用词
led pcb manufacturer,LED / Application PCB,B 次优先,B2B采购/询盘,LED PCB / Aluminum PCB section,制造商词,40.0,6.0,0.0,170.0,26.0,34.27,制造商词
led pcb assembly,LED / Application PCB,B 次优先,B2B采购/询盘,LED PCB / Assembly section,装配应用词,30.0,3.0,2.75,40.0,20.0,27.18,装配应用词
led pcb manufacturing,LED / Application PCB,B 次优先,B2B采购/询盘,LED PCB / Aluminum PCB section,制造词,10.0,,4.04,,,,制造词
automotive pcb,Industries,B 次优先,B2B采购/询盘,Automotive PCB industry page,行业页可做,110.0,15.0,2.92,260.0,9.0,37.12,行业页可做
automotive pcb assembly,Industries,B 次优先,B2B采购/询盘,Automotive PCB industry page,行业+装配,140.0,9.0,0.0,,,,行业+装配
automotive pcb manufacturer,Industries,B 次优先,B2B采购/询盘,Automotive PCB industry page,制造商词,40.0,,0.0,,,,制造商词
medical pcb,Industries,B 次优先,B2B采购/询盘,Medical PCB industry page,行业页可做,140.0,32.0,18.54,,,,行业页可做
medical pcb assembly,Industries,B 次优先,B2B采购/询盘,Medical PCB industry page,行业+装配,210.0,5.0,0.0,,,,行业+装配
medical pcb manufacturer,Industries,B 次优先,B2B采购/询盘,Medical PCB industry page,制造商词,90.0,19.0,0.0,,,,制造商词
industrial pcb manufacturing,Industries,B 次优先,B2B采购/询盘,Industrial PCB industry page,行业+制造,1300.0,41.0,8.85,,,,行业+制造
industrial pcb assembly,Industries,B 次优先,B2B采购/询盘,Industrial PCB industry page,行业+装配,90.0,42.0,0.0,,,,行业+装配
aerospace pcb,Industries,C 内容/FAQ,内容/FAQ辅助转化,Aerospace PCB page if certifications support,需确认认证再做,110.0,14.0,0.0,,,,需确认认证再做
aerospace pcb manufacturer,Industries,C 内容/FAQ,内容/FAQ辅助转化,Aerospace PCB page if certifications support,需确认认证再做,70.0,2.0,0.0,,,,需确认认证再做
pcb manufacturing cost,Content / FAQ,C 内容/FAQ,内容/FAQ辅助转化,PCB manufacturing cost guide,成本指南，辅助转化,50.0,28.0,8.15,110.0,47.0,27.18,成本指南，辅助转化
fr4 pcb material,Content / FAQ,C 内容/FAQ,内容/FAQ辅助转化,FR4 PCB material guide,材料科普,50.0,27.0,2.05,,,,材料科普
metal core pcb material,Content / FAQ,C 内容/FAQ,内容/FAQ辅助转化,Metal core PCB material guide,材料科普,110.0,14.0,2.43,,,,材料科普
ceramic pcb material,Content / FAQ,C 内容/FAQ,内容/FAQ辅助转化,Ceramic PCB material guide,材料科普,140.0,14.0,2.82,,,,材料科普
rogers pcb material,Content / FAQ,C 内容/FAQ,内容/FAQ辅助转化,Rogers PCB material guide,材料科普,110.0,21.0,2.67,,,,材料科普
rigid flex pcb design guidelines,Content / FAQ,C 内容/FAQ,内容/FAQ辅助转化,Rigid-flex PCB design guide,工程内容引流,70.0,12.0,3.5,,,,工程内容引流
hdi pcb price,Content / FAQ,C 内容/FAQ,内容/FAQ辅助转化,HDI PCB cost guide,价格FAQ,40.0,21.0,0.0,,,,价格FAQ
pcb design services,Content / FAQ,C 内容/FAQ,内容/FAQ辅助转化,PCB design support page,站点有设计支持，可谨慎做,880.0,35.0,9.5,1300.0,27.0,156.3,站点有设计支持，可谨慎做
custom pcb design services,Content / FAQ,C 内容/FAQ,内容/FAQ辅助转化,PCB design support page,站点有设计支持，可谨慎做,140.0,33.0,11.35,,,,站点有设计支持，可谨慎做
