Keyword,Reason,Semrush Volume (US),KD,CPC USD,GKP Avg Monthly Searches,Action
stuff to do in pcb,排除：PCB=Panama City Beach/旅游地名,14800,32.0,0.37,,作为SEO排除词/广告否定词，不进入内容规划
pcb florida,排除：PCB=Panama City Beach/旅游地名,12100,85.0,0.8,,作为SEO排除词/广告否定词，不进入内容规划
pineapple willy's in pcb florida,排除：PCB=Panama City Beach/旅游地名,12100,48.0,0.15,,作为SEO排除词/广告否定词，不进入内容规划
pcb fl attractions,排除：PCB=Panama City Beach/旅游地名,8100,41.0,0.37,,作为SEO排除词/广告否定词，不进入内容规划
pineapple willy's pcb,排除：PCB=Panama City Beach/旅游地名,6600,38.0,0.15,,作为SEO排除词/广告否定词，不进入内容规划
condominiums in pcb,排除：PCB=Panama City Beach/旅游地名,6600,30.0,1.19,,作为SEO排除词/广告否定词，不进入内容规划
pcb weather,排除：PCB=Panama City Beach/旅游地名,6600,53.0,0.0,,作为SEO排除词/广告否定词，不进入内容规划
pcb florida hotels,排除：PCB=Panama City Beach/旅游地名,6600,57.0,1.25,,作为SEO排除词/广告否定词，不进入内容规划
sharky's pcb fl,排除：PCB=Panama City Beach/旅游地名,5400,51.0,0.93,,作为SEO排除词/广告否定词，不进入内容规划
pcb things to do,排除：PCB=Panama City Beach/旅游地名,5400,33.0,0.33,,作为SEO排除词/广告否定词，不进入内容规划
rock it lanes pcb fl,排除：PCB=Panama City Beach/旅游地名,5400,33.0,0.0,,作为SEO排除词/广告否定词，不进入内容规划
pcb meaning,排除：纯科普/词义，非采购,5400,56.0,0.0,,作为SEO排除词/广告否定词，不进入内容规划
pcb bank,排除：与B2B PCB制造询盘不匹配,5400,56.0,7.92,,作为SEO排除词/广告否定词，不进入内容规划
condos in pcb fl,排除：PCB=Panama City Beach/旅游地名,5400,30.0,1.19,,作为SEO排除词/广告否定词，不进入内容规划
attractions in pcb fl,排除：PCB=Panama City Beach/旅游地名,5400,42.0,0.37,,作为SEO排除词/广告否定词，不进入内容规划
pcb condos on the beach,排除：PCB=Panama City Beach/旅游地名,5400,37.0,1.19,,作为SEO排除词/广告否定词，不进入内容规划
hotels pcb,排除：PCB=Panama City Beach/旅游地名,4400,51.0,1.25,,作为SEO排除词/广告否定词，不进入内容规划
pcb fl hotels,排除：PCB=Panama City Beach/旅游地名,4400,52.0,1.25,,作为SEO排除词/广告否定词，不进入内容规划
pcb florida attractions,排除：PCB=Panama City Beach/旅游地名,4400,40.0,0.37,,作为SEO排除词/广告否定词，不进入内容规划
what is pcb,排除：纯科普/词义，非采购,4400,43.0,1.74,,作为SEO排除词/广告否定词，不进入内容规划
pcb way,谨慎：竞品品牌词，不做自然主站核心,3600,44.0,1.61,,作为SEO排除词/广告否定词，不进入内容规划
summit condo pcb fl,排除：PCB=Panama City Beach/旅游地名,3600,32.0,1.1,,作为SEO排除词/广告否定词，不进入内容规划
resorts in pcb fl,排除：PCB=Panama City Beach/旅游地名,3600,34.0,1.19,,作为SEO排除词/广告否定词，不进入内容规划
pcb beach,排除：PCB=Panama City Beach/旅游地名,3600,84.0,0.77,,作为SEO排除词/广告否定词，不进入内容规划
meaning pcb,排除：纯科普/词义，非采购,3600,49.0,0.0,,作为SEO排除词/广告否定词，不进入内容规划
hampton inn pcb front beach road,排除：PCB=Panama City Beach/旅游地名,3600,28.0,0.61,,作为SEO排除词/广告否定词，不进入内容规划
jlc pcb,谨慎：竞品品牌词，不做自然主站核心,2900,49.0,1.39,246000.0,作为SEO排除词/广告否定词，不进入内容规划
pcb beach hotels,排除：PCB=Panama City Beach/旅游地名,2900,63.0,1.07,,作为SEO排除词/广告否定词，不进入内容规划
pcb hotels,排除：PCB=Panama City Beach/旅游地名,2900,54.0,1.25,,作为SEO排除词/广告否定词，不进入内容规划
pirates voyage pcb,排除：PCB=Panama City Beach/旅游地名,2900,31.0,0.23,,作为SEO排除词/广告否定词，不进入内容规划
custom number pad pcb,排除：DIY/键盘/乐器板，非B2B制造采购,2900,,0.0,,作为SEO排除词/广告否定词，不进入内容规划
ripley's believe it or not pcb,排除：PCB=Panama City Beach/旅游地名,2900,30.0,0.26,,作为SEO排除词/广告否定词，不进入内容规划
pcb airport,排除：PCB=Panama City Beach/旅游地名,2900,40.0,0.65,,作为SEO排除词/广告否定词，不进入内容规划
sharky's pcb,排除：PCB=Panama City Beach/旅游地名,2900,42.0,1.05,,作为SEO排除词/广告否定词，不进入内容规划
boardwalk pcb hotel,排除：PCB=Panama City Beach/旅游地名,2900,36.0,1.0,,作为SEO排除词/广告否定词，不进入内容规划
margaritaville pcb,排除：与B2B PCB制造询盘不匹配,2900,47.0,0.53,,作为SEO排除词/广告否定词，不进入内容规划
polychlorinated biphenyls,排除：PCB=多氯联苯/环保化学,2900,59.0,3.26,,作为SEO排除词/广告否定词，不进入内容规划
number pad pcb with rotary knob,排除：DIY/键盘/乐器板，非B2B制造采购,2900,,0.0,,作为SEO排除词/广告否定词，不进入内容规划
pcb pakistan cricket board,排除：Pakistan Cricket Board,2400,57.0,0.0,,作为SEO排除词/广告否定词，不进入内容规划
schooners pcb,排除：PCB=Panama City Beach/旅游地名,2400,37.0,0.34,,作为SEO排除词/广告否定词，不进入内容规划
seahaven hotel pcb,排除：PCB=Panama City Beach/旅游地名,2400,33.0,1.14,,作为SEO排除词/广告否定词，不进入内容规划
what are pcbs,排除：与B2B PCB制造询盘不匹配,2400,65.0,1.74,,作为SEO排除词/广告否定词，不进入内容规划
sharky's pcb fl menu,排除：PCB=Panama City Beach/旅游地名,2400,51.0,0.96,,作为SEO排除词/广告否定词，不进入内容规划
things to do around pcb,排除：PCB=Panama City Beach/旅游地名,2400,25.0,0.35,,作为SEO排除词/广告否定词，不进入内容规划
pcb pk,排除：与B2B PCB制造询盘不匹配,2400,51.0,0.0,,作为SEO排除词/广告否定词，不进入内容规划
pakistan pcb,排除：Pakistan Cricket Board,2400,61.0,0.0,,作为SEO排除词/广告否定词，不进入内容规划
pcb pakistan,排除：Pakistan Cricket Board,2400,59.0,0.0,,作为SEO排除词/广告否定词，不进入内容规划
emerald beach pcb fl,排除：PCB=Panama City Beach/旅游地名,2400,9.0,1.47,,作为SEO排除词/广告否定词，不进入内容规划
house rentals pcb,排除：与B2B PCB制造询盘不匹配,1900,52.0,1.41,,作为SEO排除词/广告否定词，不进入内容规划
built image of obliterated75 pcb as a whole keyboard,排除：DIY/键盘/乐器板，非B2B制造采购,1900,,0.0,,作为SEO排除词/广告否定词，不进入内容规划
ripleys pcb,排除：PCB=Panama City Beach/旅游地名,1900,24.0,0.26,,作为SEO排除词/广告否定词，不进入内容规划
what is a pcbs,排除：纯科普/词义，非采购,1900,56.0,2.02,,作为SEO排除词/广告否定词，不进入内容规划
gd75re pcb,排除：DIY/键盘/乐器板，非B2B制造采购,1900,,0.0,,作为SEO排除词/广告否定词，不进入内容规划
pier park movies pcb,排除：PCB=Panama City Beach/旅游地名,1900,35.0,0.08,,作为SEO排除词/广告否定词，不进入内容规划
pcb vacation rentals,排除：PCB=Panama City Beach/旅游地名,1900,27.0,1.74,,作为SEO排除词/广告否定词，不进入内容规划
beach house rentals in pcb fl,排除：PCB=Panama City Beach/旅游地名,1900,57.0,1.41,,作为SEO排除词/广告否定词，不进入内容规划
pcb beach rentals,排除：PCB=Panama City Beach/旅游地名,1900,35.0,1.41,,作为SEO排除词/广告否定词，不进入内容规划
pcb polychlorinated,排除：PCB=多氯联苯/环保化学,1900,48.0,0.0,,作为SEO排除词/广告否定词，不进入内容规划
weather pcb,排除：PCB=Panama City Beach/旅游地名,1900,52.0,0.69,,作为SEO排除词/广告否定词，不进入内容规划
the summit pcb,排除：PCB=Panama City Beach/旅游地名,1900,24.0,1.1,,作为SEO排除词/广告否定词，不进入内容规划
the summit pcb by beach room rentals llc,排除：PCB=Panama City Beach/旅游地名,1900,,0.54,,作为SEO排除词/广告否定词，不进入内容规划
how do i get gd75re keyboard pcb,排除：DIY/键盘/乐器板，非B2B制造采购,1900,,0.0,,作为SEO排除词/广告否定词，不进入内容规划
treasure island resort pcb,排除：PCB=Panama City Beach/旅游地名,1900,17.0,0.99,,作为SEO排除词/广告否定词，不进入内容规划
days inn pcb front beach road,排除：PCB=Panama City Beach/旅游地名,1900,35.0,0.55,,作为SEO排除词/广告否定词，不进入内容规划
polychlorinated biphenyl,排除：PCB=多氯联苯/环保化学,1900,55.0,3.26,,作为SEO排除词/广告否定词，不进入内容规划
hotels in pcb fl on the beach,排除：PCB=Panama City Beach/旅游地名,1900,52.0,1.42,,作为SEO排除词/广告否定词，不进入内容规划
flights to pcb,排除：PCB=Panama City Beach/旅游地名,1900,39.0,0.28,,作为SEO排除词/广告否定词，不进入内容规划
restaurants pcb fl,排除：PCB=Panama City Beach/旅游地名,1600,68.0,0.38,,作为SEO排除词/广告否定词，不进入内容规划
15x5 keyboard pcb,排除：DIY/键盘/乐器板，非B2B制造采购,1600,,0.0,,作为SEO排除词/广告否定词，不进入内容规划
15x5 ortholinear keyboard pcb,排除：DIY/键盘/乐器板，非B2B制造采购,1600,,0.0,,作为SEO排除词/广告否定词，不进入内容规划
things to do in pcb,排除：PCB=Panama City Beach/旅游地名,1600,26.0,0.33,,作为SEO排除词/广告否定词，不进入内容规划
pcb restaurants,排除：PCB=Panama City Beach/旅游地名,1600,66.0,0.42,,作为SEO排除词/广告否定词，不进入内容规划
pcb repair,排除：PCB=多氯联苯/环保化学,1600,33.0,2.32,,作为SEO排除词/广告否定词，不进入内容规划
pinapple willys pcb,排除：PCB=Panama City Beach/旅游地名,1600,46.0,0.15,,作为SEO排除词/广告否定词，不进入内容规划
pcb motels on the beach,排除：PCB=Panama City Beach/旅游地名,1600,50.0,1.02,,作为SEO排除词/广告否定词，不进入内容规划
zillow pcb,排除：PCB=Panama City Beach/旅游地名,1600,40.0,0.13,,作为SEO排除词/广告否定词，不进入内容规划
weather for pcb fl,排除：PCB=Panama City Beach/旅游地名,1600,38.0,0.56,,作为SEO排除词/广告否定词，不进入内容规划
definition pcb,排除：纯科普/词义，非采购,1600,38.0,0.0,,作为SEO排除词/广告否定词，不进入内容规划
restaurants at pier park pcb,排除：PCB=Panama City Beach/旅游地名,1600,42.0,0.86,,作为SEO排除词/广告否定词，不进入内容规划
pcb weather 10 day forecast,排除：PCB=Panama City Beach/旅游地名,1600,39.0,0.0,,作为SEO排除词/广告否定词，不进入内容规划
advanced circuits,谨慎：竞品品牌词，不做自然主站核心,1600,32.0,4.44,,作为SEO排除词/广告否定词，不进入内容规划
what does pcb stand for,排除：纯科普/词义，非采购,1600,27.0,0.0,,作为SEO排除词/广告否定词，不进入内容规划
75 key ortholinear keyboard pcb,排除：DIY/键盘/乐器板，非B2B制造采购,1600,,0.0,,作为SEO排除词/广告否定词，不进入内容规划
plaza motel pcb fl,排除：PCB=Panama City Beach/旅游地名,1600,25.0,0.95,,作为SEO排除词/广告否定词，不进入内容规划
pcb fl,排除：PCB=Panama City Beach/旅游地名,1600,82.0,0.8,,作为SEO排除词/广告否定词，不进入内容规划
what to do in pcb fl,排除：PCB=Panama City Beach/旅游地名,1600,24.0,0.32,,作为SEO排除词/广告否定词，不进入内容规划
advanced pcb,谨慎：竞品品牌词，不做自然主站核心,1300,36.0,4.21,2400.0,作为SEO排除词/广告否定词，不进入内容规划
holiday inn resort pcb,排除：PCB=Panama City Beach/旅游地名,1300,34.0,0.51,,作为SEO排除词/广告否定词，不进入内容规划
boondocks restaurant pcb,排除：PCB=Panama City Beach/旅游地名,1300,33.0,0.0,,作为SEO排除词/广告否定词，不进入内容规划
pcb condos for sale,排除：PCB=Panama City Beach/旅游地名,1300,36.0,0.3,,作为SEO排除词/广告否定词，不进入内容规划
deep sea fishing pcb fl,排除：PCB=Panama City Beach/旅游地名,1300,59.0,1.0,,作为SEO排除词/广告否定词，不进入内容规划
hotels in pcb beachfront,排除：PCB=Panama City Beach/旅游地名,1300,50.0,1.42,,作为SEO排除词/广告否定词，不进入内容规划
pcb fl weather,排除：PCB=Panama City Beach/旅游地名,1300,50.0,0.69,,作为SEO排除词/广告否定词，不进入内容规划
pcb pineapple willy's,排除：PCB=Panama City Beach/旅游地名,1300,46.0,0.15,,作为SEO排除词/广告否定词，不进入内容规划
splash resort pcb,排除：PCB=Panama City Beach/旅游地名,1300,23.0,1.54,,作为SEO排除词/广告否定词，不进入内容规划
firefly restaurant pcb,排除：PCB=Panama City Beach/旅游地名,1300,43.0,0.41,,作为SEO排除词/广告否定词，不进入内容规划
pcb long beach resort,排除：PCB=Panama City Beach/旅游地名,1300,32.0,1.55,,作为SEO排除词/广告否定词，不进入内容规划
hotels in pcb,排除：PCB=Panama City Beach/旅游地名,1300,53.0,1.25,,作为SEO排除词/广告否定词，不进入内容规划
el rodeo tequila bar & grill front beach pcb,排除：PCB=Panama City Beach/旅游地名,1300,35.0,0.0,,作为SEO排除词/广告否定词，不进入内容规划
boardwalk beach resort pcb fl,排除：PCB=Panama City Beach/旅游地名,1300,22.0,0.85,,作为SEO排除词/广告否定词，不进入内容规划
